schid,stuid,wattack,sfa,ppvt,sch_ppvt
1,10158087,469,1,89,90.639175
1,10217961,486,1,83,90.639175
1,10486718,501,1,90,90.639175
1,10540685,473,1,91,90.639175
1,10750581,474,1,102,90.639175
1,10757268,440,1,87,90.639175
1,11115599,456,1,89,90.639175
1,11232064,490,1,91,90.639175
1,11280725,498,1,87,90.639175
1,11304603,466,1,88,90.639175
1,11387084,479,1,91,90.639175
1,11400883,478,1,88,90.639175
1,11933498,481,1,88,90.639175
1,12091473,471,1,103,90.639175
1,12117076,484,1,80,90.639175
1,12176787,486,1,81,90.639175
1,12184374,466,1,76,90.639175
1,12262252,473,1,85,90.639175
1,12575391,440,1,95,90.639175
1,12933422,449,1,86,90.639175
1,12964039,473,1,80,90.639175
1,13130140,440,1,93,90.639175
1,13139806,479,1,90,90.639175
1,13207833,481,1,95,90.639175
1,13538173,485,1,94,90.639175
1,13683152,464,1,85,90.639175
1,13841035,489,1,104,90.639175
1,14146195,493,1,101,90.639175
1,14225672,479,1,81,90.639175
1,14711326,485,1,119,90.639175
1,14959156,490,1,88,90.639175
1,15220964,476,1,82,90.639175
1,15337571,484,1,104,90.639175
1,15345454,486,1,75,90.639175
1,15386953,456,1,91,90.639175
1,15672849,479,1,85,90.639175
1,15797191,481,1,81,90.639175
1,15828139,474,1,76,90.639175
1,15891656,494,1,96,90.639175
1,17484184,466,1,84,90.639175
1,17663551,476,1,90,90.639175
1,17706117,440,1,87,90.639175
1,17937376,479,1,95,90.639175
1,18063361,466,1,92,90.639175
1,18246099,490,1,92,90.639175
1,18882152,469,1,65,90.639175
1,19022774,460,1,97,90.639175
1,19039764,484,1,79,90.639175
1,19216576,519,1,102,90.639175
1,19261159,478,1,106,90.639175
1,19492962,466,1,101,90.639175
1,19547675,497,1,77,90.639175
2,10013850,501,1,91,99.510376
2,10145920,481,1,85,99.510376
2,10151020,482,1,82,99.510376
2,10255976,506,1,107,99.510376
2,10435460,497,1,95,99.510376
2,10460587,474,1,95,99.510376
2,10570390,506,1,121,99.510376
2,10589450,490,1,109,99.510376
2,10687870,489,1,116,99.510376
2,10699220,474,1,99,99.510376
2,10710860,484,1,105,99.510376
2,10799990,493,1,110,99.510376
2,10916800,484,1,80,99.510376
2,11019247,466,1,107,99.510376
2,11023093,490,1,87,99.510376
2,11131020,496,1,100,99.510376
2,11273080,474,1,90,99.510376
2,11394470,488,1,103,99.510376
2,11428530,484,1,100,99.510376
2,11693090,476,1,79,99.510376
2,11771990,500,1,111,99.510376
2,11805470,469,1,71,99.510376
2,12058817,476,1,91,99.510376
2,12183355,490,1,104,99.510376
2,12323460,482,1,87,99.510376
2,12370800,485,1,100,99.510376
2,12454348,517,1,98,99.510376
2,12852267,506,1,91,99.510376
2,13125281,511,1,107,99.510376
2,13203480,513,1,87,99.510376
2,13310140,482,1,112,99.510376
2,13477660,466,1,91,99.510376
2,13524810,490,1,103,99.510376
2,13588450,493,1,122,99.510376
2,13598700,496,1,99,99.510376
2,13708570,469,1,80,99.510376
2,13744987,496,1,94,99.510376
2,14116310,469,1,115,99.510376
2,14118150,484,1,83,99.510376
2,14246997,471,1,108,99.510376
2,14289350,478,1,82,99.510376
2,14315890,471,1,80,99.510376
2,14327770,481,1,97,99.510376
2,14398528,488,1,100,99.510376
2,14408570,492,1,89,99.510376
2,14611540,494,1,93,99.510376
2,14674880,473,1,115,99.510376
2,14746357,473,1,89,99.510376
2,14793629,471,1,86,99.510376
2,14799170,506,1,114,99.510376
2,14930760,484,1,105,99.510376
2,14933581,519,1,125,99.510376
2,15027520,474,1,88,99.510376
2,15062298,449,1,86,99.510376
2,15065740,493,1,108,99.510376
2,15118589,488,1,105,99.510376
2,15285900,481,1,122,99.510376
2,15332590,460,1,91,99.510376
2,15565580,489,1,125,99.510376
2,15662606,481,1,94,99.510376
2,15678540,474,1,103,99.510376
2,15812850,473,1,95,99.510376
2,15861060,503,1,95,99.510376
2,15907225,525,1,106,99.510376
2,16010620,494,1,120,99.510376
2,16073920,481,1,92,99.510376
2,16136800,500,1,117,99.510376
2,16430600,464,1,97,99.510376
2,16432160,517,1,94,99.510376
2,16443050,488,1,87,99.510376
2,16534030,500,1,126,99.510376
2,16548410,492,1,105,99.510376
2,16641370,492,1,103,99.510376
2,16857664,479,1,83,99.510376
2,16875835,500,1,99,99.510376
2,16925844,464,1,80,99.510376
2,16965610,473,1,104,99.510376
2,16981750,449,1,104,99.510376
2,17063590,478,1,85,99.510376
2,17095110,515,1,91,99.510376
2,17145160,481,1,93,99.510376
2,17158380,494,1,81,99.510376
2,17270760,476,1,91,99.510376
2,17296600,497,1,100,99.510376
2,17509155,500,1,121,99.510376
2,17582410,503,1,97,99.510376
2,17626023,504,1,121,99.510376
2,17626060,481,1,110,99.510376
2,17706530,469,1,89,99.510376
2,17723940,501,1,125,99.510376
2,17736980,506,1,112,99.510376
2,17753960,478,1,107,99.510376
2,17935291,497,1,102,99.510376
2,17964875,496,1,79,99.510376
2,18008240,478,1,112,99.510376
2,18126430,479,1,103,99.510376
2,18258260,485,1,119,99.510376
2,18300692,484,1,123,99.510376
2,18411810,482,1,109,99.510376
2,18439585,469,1,82,99.510376
2,18474590,486,1,93,99.510376
2,18498410,456,1,78,99.510376
2,18546878,469,1,99,99.510376
2,18769449,532,1,116,99.510376
2,18825150,481,1,97,99.510376
2,19012660,488,1,103,99.510376
2,19031390,484,1,102,99.510376
2,19040220,471,1,107,99.510376
2,19164668,464,1,81,99.510376
2,19199180,513,1,107,99.510376
2,19348115,479,1,86,99.510376
2,19384940,490,1,98,99.510376
2,19455679,497,1,93,99.510376
2,19685940,489,1,111,99.510376
2,19712758,492,1,100,99.510376
2,19942650,489,1,97,99.510376
3,10012420,532,1,110,100.10219
3,10343440,449,1,92,100.10219
3,10473470,506,1,126,100.10219
3,10645770,489,1,83,100.10219
3,10651600,496,1,127,100.10219
3,11152320,492,1,88,100.10219
3,11427820,478,1,108,100.10219
3,11440920,494,1,102,100.10219
3,11600430,482,1,86,100.10219
3,11883010,478,1,97,100.10219
3,12070620,484,1,95,100.10219
3,12241960,485,1,113,100.10219
3,12279070,456,1,94,100.10219
3,12517820,504,1,114,100.10219
3,12930170,509,1,119,100.10219
3,13069030,474,1,97,100.10219
3,13072460,500,1,105,100.10219
3,13115530,501,1,85,100.10219
3,13459080,486,1,103,100.10219
3,13741140,485,1,115,100.10219
3,14018340,490,1,90,100.10219
3,14168890,497,1,118,100.10219
3,14404560,504,1,119,100.10219
3,14460570,496,1,98,100.10219
3,14815120,471,1,103,100.10219
3,14815850,474,1,114,100.10219
3,14898110,489,1,119,100.10219
3,14917960,497,1,92,100.10219
3,15010140,506,1,105,100.10219
3,15059620,482,1,93,100.10219
3,15211000,532,1,92,100.10219
3,15539000,484,1,100,100.10219
3,15992870,476,1,85,100.10219
3,16053520,469,1,85,100.10219
3,16286920,497,1,112,100.10219
3,16457690,449,1,71,100.10219
3,16503600,492,1,103,100.10219
3,16571340,500,1,112,100.10219
3,16685120,506,1,109,100.10219
3,16762270,504,1,99,100.10219
3,16776640,490,1,106,100.10219
3,16794250,515,1,105,100.10219
3,17339910,509,1,120,100.10219
3,17410180,500,1,82,100.10219
3,17528780,507,1,95,100.10219
3,17612070,479,1,103,100.10219
3,17736070,489,1,92,100.10219
3,18121150,509,1,101,100.10219
3,18186820,507,1,121,100.10219
3,18289820,509,1,101,100.10219
3,18436700,504,1,102,100.10219
3,18472410,492,1,113,100.10219
3,18637580,485,1,85,100.10219
3,18834750,522,1,89,100.10219
3,19014130,497,1,99,100.10219
3,19141860,484,1,93,100.10219
3,19244380,489,1,89,100.10219
3,19354430,503,1,95,100.10219
3,19375670,492,1,112,100.10219
3,19428740,486,1,102,100.10219
3,19462470,449,1,91,100.10219
3,19589730,469,1,93,100.10219
3,19638980,479,1,101,100.10219
3,19673910,485,1,106,100.10219
3,19684610,503,1,99,100.10219
3,19821750,501,1,107,100.10219
3,19936880,486,1,99,100.10219
3,19962790,478,1,87,100.10219
4,32018700,440,1,88,83.376472
4,32078210,440,1,96,83.376472
4,32108150,478,1,82,83.376472
4,32140280,440,1,84,83.376472
4,32185720,479,1,92,83.376472
4,32220390,440,1,73,83.376472
4,32251550,488,1,101,83.376472
4,32255520,466,1,94,83.376472
4,32303460,481,1,78,83.376472
4,32322530,469,1,108,83.376472
4,32328360,471,1,79,83.376472
4,32351310,440,1,93,83.376472
4,32407980,449,1,97,83.376472
4,32506400,460,1,88,83.376472
4,32540000,460,1,86,83.376472
4,32540730,486,1,80,83.376472
4,32556570,449,1,80,83.376472
4,32568680,478,1,83,83.376472
4,32584550,478,1,73,83.376472
4,32595690,440,1,56,83.376472
4,32597710,449,1,80,83.376472
4,32725020,494,1,82,83.376472
4,32770040,481,1,85,83.376472
4,32782730,440,1,91,83.376472
4,32788010,456,1,91,83.376472
4,32790300,471,1,108,83.376472
4,32794450,474,1,96,83.376472
4,32833450,473,1,79,83.376472
4,32901320,466,1,102,83.376472
4,32920000,449,1,86,83.376472
4,32930500,449,1,75,83.376472
4,32955640,471,1,85,83.376472
4,32971390,474,1,100,83.376472
4,32972030,460,1,85,83.376472
5,32088500,476,1,92,107.68367
5,32101040,494,1,134,107.68367
5,32120660,486,1,83,107.68367
5,32127250,525,1,117,107.68367
5,32129940,474,1,108,107.68367
5,32133390,485,1,98,107.68367
5,32148130,485,1,79,107.68367
5,32167260,473,1,97,107.68367
5,32185780,464,1,121,107.68367
5,32218350,488,1,119,107.68367
5,32238270,504,1,116,107.68367
5,32280450,489,1,84,107.68367
5,32336690,484,1,62,107.68367
5,32343740,506,1,113,107.68367
5,32392260,506,1,117,107.68367
5,32407680,481,1,101,107.68367
5,32431360,509,1,97,107.68367
5,32436580,486,1,106,107.68367
5,32439720,490,1,111,107.68367
5,32454460,511,1,106,107.68367
5,32455100,497,1,106,107.68367
5,32493180,513,1,107,107.68367
5,32499470,513,1,102,107.68367
5,32506730,498,1,120,107.68367
5,32571950,509,1,126,107.68367
5,32575400,504,1,115,107.68367
5,32583180,492,1,119,107.68367
5,32630760,490,1,109,107.68367
5,32642930,493,1,121,107.68367
5,32655290,519,1,94,107.68367
5,32666950,506,1,122,107.68367
5,32679030,481,1,121,107.68367
5,32689720,489,1,87,107.68367
5,32698720,500,1,97,107.68367
5,32711600,497,1,108,107.68367
5,32724480,484,1,87,107.68367
5,32724630,486,1,100,107.68367
5,32736190,488,1,116,107.68367
5,32752580,484,1,136,107.68367
5,32782890,532,1,135,107.68367
5,32825000,497,1,120,107.68367
5,32845110,507,1,118,107.68367
5,32914720,489,1,111,107.68367
5,32919210,474,1,111,107.68367
5,32953420,482,1,97,107.68367
5,32997450,501,1,118,107.68367
5,33007660,528,1,122,107.68367
6,31085140,488,1,76,81.942108
6,31114040,488,1,86,81.942108
6,31144070,494,1,87,81.942108
6,31188160,469,1,86,81.942108
6,31270590,497,1,89,81.942108
6,31305500,440,1,71,81.942108
6,31350580,473,1,101,81.942108
6,31454980,473,1,76,81.942108
6,31511040,476,1,88,81.942108
6,31647110,456,1,53,81.942108
6,31684740,473,1,88,81.942108
6,31686850,484,1,96,81.942108
6,31804190,460,1,84,81.942108
6,31847150,456,1,73,81.942108
6,31883620,488,1,91,81.942108
6,31926990,482,1,83,81.942108
6,31951830,456,1,78,81.942108
6,31956470,490,1,101,81.942108
6,31964160,496,1,104,81.942108
6,33000880,493,1,105,81.942108
6,33001940,481,1,94,81.942108
6,33002150,474,1,73,81.942108
6,33002550,456,1,89,81.942108
6,33002760,482,1,83,81.942108
6,33002980,464,1,91,81.942108
6,33003530,479,1,82,81.942108
6,33006310,485,1,63,81.942108
6,33006500,492,1,62,81.942108
6,33006550,478,1,60,81.942108
6,33007280,486,1,98,81.942108
6,33007650,486,1,88,81.942108
6,33007860,492,1,93,81.942108
6,33008510,456,1,80,81.942108
6,33009960,464,1,88,81.942108
6,33010320,479,1,110,81.942108
6,33014050,460,1,58,81.942108
6,33015090,466,1,78,81.942108
6,33015410,440,1,40,81.942108
6,33015500,497,1,75,81.942108
6,33016420,440,1,92,81.942108
6,33017930,486,1,112,81.942108
6,33018580,488,1,93,81.942108
6,33019510,466,1,95,81.942108
6,33019550,506,1,90,81.942108
6,33021170,498,1,73,81.942108
6,33021520,484,1,90,81.942108
6,33021550,476,1,72,81.942108
6,33023710,449,1,82,81.942108
6,33024710,507,1,90,81.942108
6,33024970,486,1,89,81.942108
6,33025460,490,1,78,81.942108
6,33025800,498,1,93,81.942108
6,33025810,476,1,83,81.942108
6,33027140,471,1,75,81.942108
6,33027720,471,1,76,81.942108
6,33028390,471,1,72,81.942108
6,33028970,479,1,62,81.942108
6,33029030,474,1,88,81.942108
6,33029800,456,1,86,81.942108
6,33030420,492,1,67,81.942108
6,33030550,460,1,65,81.942108
6,33030840,440,1,84,81.942108
6,33031020,501,1,101,81.942108
6,33031710,464,1,71,81.942108
6,33032890,440,1,66,81.942108
6,33034140,493,1,87,81.942108
6,33034660,476,1,77,81.942108
6,33035390,496,1,104,81.942108
6,33035600,479,1,82,81.942108
6,33035880,466,1,93,81.942108
6,33036080,497,1,84,81.942108
6,33036720,440,1,74,81.942108
6,33037320,485,1,57,81.942108
6,33038700,484,1,108,81.942108
6,33038780,484,1,90,81.942108
6,33040440,490,1,73,81.942108
6,33042690,478,1,68,81.942108
6,33043920,440,1,58,81.942108
6,33044880,460,1,105,81.942108
6,33045590,466,1,82,81.942108
6,33046100,440,1,82,81.942108
6,33046210,449,1,66,81.942108
6,33046900,469,1,87,81.942108
6,33047760,440,1,76,81.942108
6,33047930,493,1,84,81.942108
6,33048040,488,1,91,81.942108
6,33048100,504,1,97,81.942108
7,31604510,507,1,89,82.741379
7,31604690,506,1,75,82.741379
7,31605610,522,1,83,82.741379
7,31606500,489,1,90,82.741379
7,31606740,511,1,78,82.741379
7,31606860,525,1,83,82.741379
7,31607960,501,1,68,82.741379
7,31608850,504,1,92,82.741379
7,31610130,489,1,99,82.741379
7,31610740,484,1,74,82.741379
7,31614520,440,1,73,82.741379
7,31614610,466,1,85,82.741379
7,31614920,517,1,75,82.741379
7,31614950,466,1,91,82.741379
7,31615800,503,1,100,82.741379
7,31616540,504,1,89,82.741379
7,31617300,492,1,69,82.741379
7,31618760,486,1,71,82.741379
7,31619040,507,1,96,82.741379
7,31619710,481,1,78,82.741379
7,31620500,482,1,84,82.741379
7,31621080,484,1,67,82.741379
7,31622300,511,1,73,82.741379
7,31624040,492,1,82,82.741379
7,31624840,492,1,88,82.741379
7,31624930,504,1,96,82.741379
7,31625870,485,1,93,82.741379
7,31626360,501,1,108,82.741379
7,31627030,490,1,112,82.741379
7,31627280,476,1,87,82.741379
7,31628530,473,1,100,82.741379
7,31629050,503,1,95,82.741379
7,31630210,471,1,78,82.741379
7,31630660,479,1,68,82.741379
7,31631060,511,1,83,82.741379
7,31631090,469,1,74,82.741379
7,31631310,469,1,69,82.741379
7,31634910,471,1,83,82.741379
7,31635790,501,1,84,82.741379
7,31636860,490,1,97,82.741379
7,31638020,469,1,118,82.741379
7,31639610,482,1,89,82.741379
7,31639970,479,1,70,82.741379
7,31641320,478,1,98,82.741379
7,31643510,509,1,99,82.741379
7,31644030,511,1,73,82.741379
7,31644090,513,1,99,82.741379
7,31644700,474,1,89,82.741379
7,31647300,482,1,77,82.741379
7,31648940,485,1,75,82.741379
7,31649980,513,1,95,82.741379
7,31650470,496,1,80,82.741379
7,31653490,482,1,107,82.741379
7,31656420,471,1,72,82.741379
7,31657400,498,1,86,82.741379
7,31657550,506,1,111,82.741379
7,31657670,490,1,73,82.741379
7,31658370,511,1,86,82.741379
7,31659230,489,1,84,82.741379
7,31659750,504,1,82,82.741379
7,31665240,490,1,84,82.741379
7,31666460,489,1,98,82.741379
7,31668290,482,1,72,82.741379
7,31668480,490,1,98,82.741379
7,31668720,484,1,60,82.741379
7,31670280,498,1,72,82.741379
7,31671190,485,1,79,82.741379
7,31671410,507,1,93,82.741379
7,31673020,501,1,83,82.741379
7,31673360,507,1,92,82.741379
7,31673880,474,1,91,82.741379
7,31676230,501,1,74,82.741379
7,31676560,496,1,76,82.741379
7,31677630,504,1,64,82.741379
7,31677660,494,1,100,82.741379
7,31679400,493,1,81,82.741379
7,31680410,497,1,77,82.741379
7,31681600,464,1,62,82.741379
7,31681930,456,1,70,82.741379
7,31682270,504,1,62,82.741379
7,31682540,471,1,74,82.741379
7,31685110,517,1,94,82.741379
7,31685380,497,1,79,82.741379
8,32015220,440,1,74,84.161293
8,32036950,476,1,75,84.161293
8,32209740,456,1,82,84.161293
8,32212330,473,1,97,84.161293
8,32217800,479,1,82,84.161293
8,32287190,471,1,78,84.161293
8,32350000,460,1,77,84.161293
8,32351770,474,1,99,84.161293
8,32373130,474,1,73,84.161293
8,32492850,449,1,78,84.161293
8,32507040,494,1,88,84.161293
8,32554100,471,1,87,84.161293
8,32558640,478,1,88,84.161293
8,32599290,473,1,75,84.161293
8,32612020,440,1,74,84.161293
8,32688100,481,1,77,84.161293
8,32732870,473,1,87,84.161293
8,32759660,466,1,98,84.161293
8,32791580,479,1,83,84.161293
8,32799090,456,1,66,84.161293
8,32808180,449,1,84,84.161293
8,32991010,473,1,90,84.161293
9,32007500,456,1,88,83.073685
9,32013180,473,1,95,83.073685
9,32015620,513,1,94,83.073685
9,32027090,440,1,79,83.073685
9,32027670,449,1,77,83.073685
9,32032190,440,1,94,83.073685
9,32034300,440,1,69,83.073685
9,32035270,440,1,77,83.073685
9,32065090,471,1,71,83.073685
9,32097530,456,1,94,83.073685
9,32102620,456,1,71,83.073685
9,32104270,488,1,101,83.073685
9,32105490,473,1,95,83.073685
9,32109160,484,1,88,83.073685
9,32112600,486,1,75,83.073685
9,32115350,471,1,76,83.073685
9,32134790,466,1,65,83.073685
9,32156910,486,1,87,83.073685
9,32167440,489,1,90,83.073685
9,32195980,498,1,81,83.073685
9,32212760,449,1,83,83.073685
9,32221490,469,1,79,83.073685
9,32233790,456,1,80,83.073685
9,32245480,476,1,82,83.073685
9,32252680,478,1,78,83.073685
9,32258780,460,1,89,83.073685
9,32263730,464,1,85,83.073685
9,32269250,481,1,80,83.073685
9,32287590,449,1,94,83.073685
9,32288380,466,1,73,83.073685
9,32295980,469,1,84,83.073685
9,32306820,473,1,84,83.073685
9,32329950,440,1,71,83.073685
9,32338340,486,1,81,83.073685
9,32344690,488,1,74,83.073685
9,32346370,474,1,74,83.073685
9,32346400,478,1,91,83.073685
9,32346640,481,1,92,83.073685
9,32362850,469,1,80,83.073685
9,32379080,460,1,80,83.073685
9,32385180,493,1,98,83.073685
9,32399530,476,1,67,83.073685
9,32403770,466,1,74,83.073685
9,32445520,478,1,90,83.073685
9,32446800,460,1,77,83.073685
9,32450030,482,1,93,83.073685
9,32453480,476,1,92,83.073685
9,32461630,471,1,100,83.073685
9,32466150,449,1,72,83.073685
9,32488330,449,1,86,83.073685
9,32502400,484,1,73,83.073685
9,32522390,513,1,105,83.073685
9,32545060,474,1,80,83.073685
9,32558800,440,1,72,83.073685
9,32564110,478,1,74,83.073685
9,32571220,476,1,74,83.073685
9,32574420,479,1,93,83.073685
9,32578450,500,1,95,83.073685
9,32579400,466,1,76,83.073685
9,32593160,466,1,78,83.073685
9,32611560,460,1,70,83.073685
9,32624500,469,1,73,83.073685
9,32631640,498,1,83,83.073685
9,32638840,479,1,89,83.073685
9,32655170,440,1,58,83.073685
9,32662800,517,1,88,83.073685
9,32667290,449,1,89,83.073685
9,32674460,440,1,79,83.073685
9,32674580,471,1,70,83.073685
9,32688370,507,1,98,83.073685
9,32713210,466,1,83,83.073685
9,32721120,474,1,81,83.073685
9,32721480,471,1,79,83.073685
9,32728200,492,1,88,83.073685
9,32729600,481,1,86,83.073685
9,32756520,469,1,77,83.073685
9,32764850,488,1,88,83.073685
9,32766500,456,1,80,83.073685
9,32788590,464,1,78,83.073685
9,32804190,498,1,82,83.073685
9,32833150,449,1,108,83.073685
9,32835100,456,1,60,83.073685
9,32843070,478,1,78,83.073685
9,32844380,481,1,71,83.073685
9,32872420,484,1,78,83.073685
9,32895740,482,1,71,83.073685
9,32915330,490,1,89,83.073685
9,32919540,469,1,101,83.073685
9,32923420,473,1,90,83.073685
9,32928760,481,1,88,83.073685
9,32931080,479,1,63,83.073685
9,32937760,456,1,99,83.073685
9,32949970,460,1,93,83.073685
9,32959640,471,1,68,83.073685
9,33049350,440,1,70,83.073685
10,32123800,440,1,105,89.559319
10,32143730,476,1,88,89.559319
10,32159020,493,1,84,89.559319
10,32237240,494,1,102,89.559319
10,32306210,456,1,79,89.559319
10,32321040,498,1,95,89.559319
10,32366080,497,1,93,89.559319
10,32407520,486,1,95,89.559319
10,32528250,440,1,88,89.559319
10,32547230,496,1,113,89.559319
10,32563470,469,1,98,89.559319
10,32568230,449,1,88,89.559319
10,32613000,488,1,90,89.559319
10,32627120,471,1,81,89.559319
10,32661550,471,1,84,89.559319
10,32665360,471,1,70,89.559319
10,32682940,486,1,79,89.559319
10,32706650,471,1,92,89.559319
10,32722460,498,1,106,89.559319
10,32723250,490,1,94,89.559319
10,32746750,482,1,93,89.559319
10,32806260,481,1,97,89.559319
10,32906630,473,1,95,89.559319
10,32917440,440,1,98,89.559319
10,32961930,476,1,93,89.559319
10,32999340,481,1,100,89.559319
10,33001900,440,1,88,89.559319
11,32088770,469,1,85,86.400002
11,32094570,464,1,92,86.400002
11,32139250,456,1,82,86.400002
11,32407860,479,1,93,86.400002
11,32585500,476,1,91,86.400002
11,32628040,479,1,77,86.400002
11,32812980,482,1,83,86.400002
11,32823960,469,1,77,86.400002
11,32830640,482,1,76,86.400002
11,32895680,481,1,78,86.400002
11,32950880,489,1,69,86.400002
11,33005820,449,1,87,86.400002
11,33007330,440,1,86,86.400002
11,33007580,492,1,86,86.400002
11,33010730,488,1,92,86.400002
11,33013730,471,1,72,86.400002
11,33015060,498,1,92,86.400002
11,33015720,474,1,78,86.400002
11,33015750,469,1,88,86.400002
11,33015930,485,1,71,86.400002
11,33016720,440,1,84,86.400002
11,33019240,473,1,77,86.400002
11,33020710,466,1,89,86.400002
11,33021130,494,1,114,86.400002
11,33023230,464,1,87,86.400002
11,33023490,482,1,98,86.400002
11,33025400,473,1,99,86.400002
11,33028420,464,1,84,86.400002
11,33031530,492,1,79,86.400002
11,33031720,498,1,80,86.400002
11,33032460,471,1,87,86.400002
11,33034150,440,1,75,86.400002
11,33034350,489,1,85,86.400002
11,33037210,490,1,96,86.400002
11,33040630,440,1,91,86.400002
11,33040890,478,1,89,86.400002
11,33045610,479,1,82,86.400002
11,33045730,464,1,98,86.400002
11,33045960,440,1,82,86.400002
11,33047460,460,1,95,86.400002
11,33048210,481,1,88,86.400002
11,33048930,449,1,97,86.400002
11,33049550,485,1,110,86.400002
12,31074700,456,1,48,76.656715
12,31121000,473,1,66,76.656715
12,31181690,493,1,61,76.656715
12,31188410,460,1,59,76.656715
12,31200920,469,1,82,76.656715
12,31330890,476,1,55,76.656715
12,31346850,493,1,62,76.656715
12,31387170,471,1,68,76.656715
12,31417500,473,1,83,76.656715
12,31469230,471,1,55,76.656715
12,31512990,498,1,88,76.656715
12,31525200,479,1,95,76.656715
12,31606980,478,1,68,76.656715
12,31646690,493,1,89,76.656715
12,31654680,449,1,78,76.656715
12,31714370,476,1,82,76.656715
12,31714530,485,1,102,76.656715
12,31763480,490,1,83,76.656715
12,31784990,466,1,74,76.656715
12,31806990,501,1,65,76.656715
12,31812820,479,1,108,76.656715
12,31848160,493,1,90,76.656715
12,31899740,466,1,75,76.656715
12,31908950,485,1,96,76.656715
12,31932760,486,1,87,76.656715
12,31952040,479,1,102,76.656715
12,31981610,494,1,65,76.656715
13,31000120,466,1,102,99.078011
13,31018580,469,1,108,99.078011
13,31041800,488,1,90,99.078011
13,31057980,474,1,120,99.078011
13,31061700,492,1,95,99.078011
13,31130700,469,1,93,99.078011
13,31134420,474,1,89,99.078011
13,31135310,496,1,114,99.078011
13,31137960,471,1,96,99.078011
13,31142270,485,1,103,99.078011
13,31150720,490,1,66,99.078011
13,31172270,492,1,109,99.078011
13,31176930,474,1,102,99.078011
13,31182400,509,1,112,99.078011
13,31193840,474,1,92,99.078011
13,31229850,474,1,95,99.078011
13,31240990,492,1,105,99.078011
13,31253410,493,1,109,99.078011
13,31264880,482,1,93,99.078011
13,31276820,478,1,113,99.078011
13,31280600,466,1,71,99.078011
13,31281000,498,1,114,99.078011
13,31291920,494,1,110,99.078011
13,31331840,481,1,120,99.078011
13,31341090,481,1,104,99.078011
13,31350640,493,1,113,99.078011
13,31377680,488,1,95,99.078011
13,31379290,492,1,106,99.078011
13,31380790,466,1,83,99.078011
13,31438040,481,1,99,99.078011
13,31451160,486,1,104,99.078011
13,31453390,501,1,105,99.078011
13,31489950,481,1,97,99.078011
13,31496690,490,1,101,99.078011
13,31534440,504,1,103,99.078011
13,31576560,498,1,112,99.078011
13,31595020,479,1,73,99.078011
13,31614700,532,1,110,99.078011
13,31616020,492,1,137,99.078011
13,31621690,471,1,142,99.078011
13,31643910,503,1,91,99.078011
13,31659600,476,1,113,99.078011
13,31665820,494,1,99,99.078011
13,31673330,478,1,94,99.078011
13,31673850,497,1,111,99.078011
13,31688280,440,1,91,99.078011
13,31703570,464,1,104,99.078011
13,31744100,501,1,127,99.078011
13,31751450,506,1,91,99.078011
13,31752370,485,1,98,99.078011
13,31771500,488,1,144,99.078011
13,31784840,489,1,112,99.078011
13,31799910,490,1,119,99.078011
13,31827930,473,1,110,99.078011
13,31830220,449,1,88,99.078011
13,31830890,484,1,120,99.078011
13,31847830,485,1,108,99.078011
13,31926590,488,1,93,99.078011
13,31939960,471,1,74,99.078011
13,31948590,473,1,107,99.078011
13,31956220,476,1,97,99.078011
13,31993910,474,1,93,99.078011
14,32060820,456,1,82,81.179108
14,32081660,515,1,100,81.179108
14,32087760,440,1,68,81.179108
14,32099450,473,1,87,81.179108
14,32110470,464,1,83,81.179108
14,32119900,466,1,69,81.179108
14,32183590,489,1,86,81.179108
14,32242610,488,1,95,81.179108
14,32251300,471,1,78,81.179108
14,32286860,471,1,44,81.179108
14,32309810,474,1,83,81.179108
14,32331110,489,1,81,81.179108
14,32352070,464,1,82,81.179108
14,32378380,473,1,82,81.179108
14,32379840,471,1,91,81.179108
14,32390520,474,1,85,81.179108
14,32404290,474,1,77,81.179108
14,32411700,456,1,67,81.179108
14,32425710,460,1,53,81.179108
14,32426960,456,1,59,81.179108
14,32437370,482,1,92,81.179108
14,32504990,460,1,99,81.179108
14,32542870,460,1,79,81.179108
14,32546500,440,1,75,81.179108
14,32588340,497,1,81,81.179108
14,32613610,460,1,89,81.179108
14,32657790,493,1,92,81.179108
14,32668660,466,1,62,81.179108
14,32674640,466,1,62,81.179108
14,32723800,485,1,89,81.179108
14,32727950,440,1,67,81.179108
14,32777480,456,1,64,81.179108
14,32806810,449,1,89,81.179108
14,32911640,456,1,66,81.179108
14,32926840,486,1,78,81.179108
14,32975200,496,1,91,81.179108
15,32006860,513,1,102,101.56311
15,32019470,460,1,116,101.56311
15,32059780,456,1,98,101.56311
15,32063440,496,1,101,101.56311
15,32080380,485,1,106,101.56311
15,32092190,501,1,104,101.56311
15,32109120,503,1,104,101.56311
15,32128470,496,1,108,101.56311
15,32180750,476,1,90,101.56311
15,32184660,456,1,86,101.56311
15,32208580,507,1,101,101.56311
15,32234640,488,1,102,101.56311
15,32237600,471,1,95,101.56311
15,32238370,481,1,93,101.56311
15,32256130,449,1,108,101.56311
15,32263180,482,1,87,101.56311
15,32270470,497,1,102,101.56311
15,32270500,482,1,92,101.56311
15,32299580,476,1,107,101.56311
15,32346310,481,1,120,101.56311
15,32400050,473,1,85,101.56311
15,32427570,490,1,112,101.56311
15,32437460,478,1,71,101.56311
15,32464650,488,1,95,101.56311
15,32469560,497,1,93,101.56311
15,32478720,479,1,116,101.56311
15,32542130,440,1,103,101.56311
15,32554830,500,1,96,101.56311
15,32556290,473,1,80,101.56311
15,32557180,500,1,121,101.56311
15,32557390,486,1,94,101.56311
15,32560480,476,1,110,101.56311
15,32563650,464,1,92,101.56311
15,32567280,474,1,97,101.56311
15,32587030,484,1,106,101.56311
15,32598440,488,1,102,101.56311
15,32600330,478,1,115,101.56311
15,32608420,481,1,100,101.56311
15,32717030,493,1,109,101.56311
15,32734300,501,1,120,101.56311
15,32741050,460,1,90,101.56311
15,32752760,474,1,90,101.56311
15,32868120,488,1,92,101.56311
15,32888320,449,1,105,101.56311
15,32897750,479,1,115,101.56311
15,32926440,481,1,96,101.56311
15,32929310,460,1,74,101.56311
15,32952990,488,1,93,101.56311
15,32959760,474,1,94,101.56311
15,32961660,479,1,119,101.56311
15,32962780,449,1,91,101.56311
15,32968700,478,1,88,101.56311
15,32972820,474,1,110,101.56311
15,33001200,464,1,84,101.56311
16,31022240,478,1,89,83.485718
16,31078210,466,1,85,83.485718
16,31088070,456,1,77,83.485718
16,31105890,466,1,60,83.485718
16,31120900,501,1,89,83.485718
16,31132960,478,1,91,83.485718
16,31172660,489,1,101,83.485718
16,31177580,511,1,106,83.485718
16,31181050,474,1,79,83.485718
16,31227350,503,1,80,83.485718
16,31268520,501,1,87,83.485718
16,31275840,478,1,100,83.485718
16,31335690,494,1,97,83.485718
16,31339840,507,1,75,83.485718
16,31367700,506,1,88,83.485718
16,31409840,490,1,72,83.485718
16,31472650,492,1,73,83.485718
16,31481770,486,1,85,83.485718
16,31512560,471,1,72,83.485718
16,31553550,500,1,89,83.485718
16,31562460,479,1,100,83.485718
16,31587090,484,1,81,83.485718
16,31603500,503,1,86,83.485718
16,31613090,456,1,81,83.485718
16,31628680,481,1,71,83.485718
16,31706010,485,1,76,83.485718
16,31749040,471,1,83,83.485718
16,31779990,507,1,95,83.485718
16,31801740,506,1,75,83.485718
16,31863820,486,1,84,83.485718
16,31890310,496,1,88,83.485718
16,31917950,476,1,103,83.485718
16,31954360,503,1,92,83.485718
16,31989700,474,1,72,83.485718
16,33004350,485,1,104,83.485718
16,33022490,484,1,68,83.485718
17,32007780,486,1,87,83.785713
17,32141320,440,1,89,83.785713
17,32171780,440,1,65,83.785713
17,32212490,492,1,74,83.785713
17,32254660,481,1,95,83.785713
17,32273490,484,1,91,83.785713
17,32302210,469,1,86,83.785713
17,32313830,488,1,95,83.785713
17,32315510,481,1,80,83.785713
17,32327600,469,1,85,83.785713
17,32372610,456,1,95,83.785713
17,32381190,440,1,77,83.785713
17,32403740,471,1,90,83.785713
17,32405420,503,1,99,83.785713
17,32419390,449,1,102,83.785713
17,32456200,482,1,78,83.785713
17,32519920,489,1,82,83.785713
17,32570000,440,1,91,83.785713
17,32581720,466,1,91,83.785713
17,32591330,440,1,90,83.785713
17,32624740,460,1,86,83.785713
17,32645010,501,1,87,83.785713
17,32659960,440,1,89,83.785713
17,32661850,440,1,81,83.785713
17,32685780,440,1,86,83.785713
17,32694690,504,1,83,83.785713
17,32696220,473,1,81,83.785713
17,32702960,501,1,83,83.785713
17,32705430,517,1,96,83.785713
17,32794150,482,1,95,83.785713
17,32836050,449,1,77,83.785713
17,32858870,496,1,100,83.785713
17,32864460,474,1,102,83.785713
17,32867020,456,1,93,83.785713
17,32880850,479,1,83,83.785713
17,32951550,469,1,71,83.785713
17,32956160,474,1,89,83.785713
17,32956440,476,1,80,83.785713
17,32957200,501,1,94,83.785713
17,32961410,515,1,111,83.785713
17,32986890,478,1,86,83.785713
18,31008750,522,1,120,101.1448
18,31040280,522,1,110,101.1448
18,31043270,488,1,87,101.1448
18,31064480,492,1,92,101.1448
18,31069420,481,1,122,101.1448
18,31071190,511,1,122,101.1448
18,31072050,485,1,100,101.1448
18,31076650,488,1,128,101.1448
18,31077840,473,1,81,101.1448
18,31097590,490,1,117,101.1448
18,31108180,494,1,117,101.1448
18,31109400,478,1,110,101.1448
18,31109890,485,1,94,101.1448
18,31112300,498,1,110,101.1448
18,31118520,488,1,107,101.1448
18,31133110,484,1,99,101.1448
18,31147550,490,1,95,101.1448
18,31148370,515,1,112,101.1448
18,31158530,490,1,125,101.1448
18,31160300,486,1,104,101.1448
18,31169180,494,1,113,101.1448
18,31170890,509,1,120,101.1448
18,31179530,488,1,97,101.1448
18,31182310,506,1,96,101.1448
18,31183220,519,1,118,101.1448
18,31186970,498,1,115,101.1448
18,31201590,506,1,95,101.1448
18,31205190,489,1,87,101.1448
18,31212670,478,1,80,101.1448
18,31213620,490,1,91,101.1448
18,31230640,517,1,102,101.1448
18,31232720,471,1,107,101.1448
18,31252860,440,1,67,101.1448
18,31281120,492,1,96,101.1448
18,31331110,506,1,113,101.1448
18,31334710,515,1,99,101.1448
18,31334860,440,1,96,101.1448
18,31345660,501,1,85,101.1448
18,31350120,464,1,116,101.1448
18,31351400,507,1,119,101.1448
18,31373500,471,1,102,101.1448
18,31377710,482,1,88,101.1448
18,31379750,493,1,100,101.1448
18,31399040,488,1,93,101.1448
18,31406580,481,1,85,101.1448
18,31410970,509,1,103,101.1448
18,31419090,517,1,109,101.1448
18,31440300,511,1,110,101.1448
18,31451620,497,1,105,101.1448
18,31457330,484,1,102,101.1448
18,31480580,494,1,117,101.1448
18,31504600,473,1,100,101.1448
18,31512440,494,1,128,101.1448
18,31523490,488,1,87,101.1448
18,31537400,473,1,116,101.1448
18,31549180,488,1,96,101.1448
18,31556780,503,1,105,101.1448
18,31562400,496,1,113,101.1448
18,31573960,507,1,98,101.1448
18,31595450,466,1,99,101.1448
18,31613970,481,1,113,101.1448
18,31622270,525,1,112,101.1448
18,31652060,440,1,69,101.1448
18,31653250,486,1,118,101.1448
18,31659560,490,1,108,101.1448
18,31669180,473,1,84,101.1448
18,31673570,500,1,117,101.1448
18,31683090,500,1,102,101.1448
18,31683370,476,1,90,101.1448
18,31695730,500,1,113,101.1448
18,31703390,504,1,94,101.1448
18,31703540,493,1,104,101.1448
18,31703780,476,1,108,101.1448
18,31708150,492,1,93,101.1448
18,31713310,469,1,83,101.1448
18,31719100,485,1,103,101.1448
18,31728690,506,1,125,101.1448
18,31729720,537,1,102,101.1448
18,31754320,496,1,115,101.1448
18,31761340,532,1,104,101.1448
18,31764330,497,1,112,101.1448
18,31767840,501,1,101,101.1448
18,31775810,498,1,126,101.1448
18,31782580,509,1,104,101.1448
18,31784960,513,1,94,101.1448
18,31805830,496,1,104,101.1448
18,31808460,469,1,98,101.1448
18,31809890,498,1,97,101.1448
18,31810870,474,1,110,101.1448
18,31818960,478,1,84,101.1448
18,31828200,492,1,103,101.1448
18,31840500,498,1,110,101.1448
18,31845170,494,1,78,101.1448
18,31852650,476,1,107,101.1448
18,31865460,513,1,109,101.1448
18,31869280,460,1,106,101.1448
18,31899460,492,1,85,101.1448
18,31903400,488,1,108,101.1448
18,31925280,503,1,92,101.1448
18,31925710,509,1,117,101.1448
18,31928420,503,1,122,101.1448
18,31946640,494,1,124,101.1448
18,31953570,464,1,78,101.1448
18,31961410,503,1,113,101.1448
18,31971390,500,1,106,101.1448
18,31973340,507,1,96,101.1448
18,31977920,482,1,108,101.1448
18,31993420,513,1,112,101.1448
18,33034380,503,1,92,101.1448
19,32999950,494,1,103,89.793816
19,33001300,481,1,92,89.793816
19,33008800,440,1,61,89.793816
19,33010500,440,1,96,89.793816
19,33011030,494,1,99,89.793816
19,33014160,517,1,83,89.793816
19,33014330,490,1,85,89.793816
19,33014350,456,1,93,89.793816
19,33018180,460,1,93,89.793816
19,33020930,449,1,90,89.793816
19,33021720,494,1,92,89.793816
19,33022950,449,1,85,89.793816
19,33025300,440,1,63,89.793816
19,33027130,456,1,93,89.793816
19,33028800,479,1,97,89.793816
19,33031060,500,1,83,89.793816
19,33032390,449,1,87,89.793816
19,33033750,498,1,89,89.793816
19,33034610,473,1,96,89.793816
19,33035800,469,1,81,89.793816
19,33037340,440,1,74,89.793816
19,33042630,440,1,92,89.793816
19,33044990,473,1,106,89.793816
20,32089260,482,1,92,100.06522
20,32100370,492,1,114,100.06522
20,32124870,485,1,90,100.06522
20,32128900,489,1,100,100.06522
20,32138510,481,1,99,100.06522
20,32191490,488,1,92,100.06522
20,32196950,482,1,109,100.06522
20,32203210,481,1,112,100.06522
20,32283500,485,1,102,100.06522
20,32383050,492,1,100,100.06522
20,32421470,473,1,114,100.06522
20,32453850,485,1,87,100.06522
20,32561210,478,1,98,100.06522
20,32570150,476,1,104,100.06522
20,32674790,481,1,100,100.06522
20,32718250,501,1,117,100.06522
20,32772510,466,1,80,100.06522
20,32809100,485,1,115,100.06522
20,32870290,519,1,121,100.06522
20,32979540,474,1,108,100.06522
21,32006040,503,1,122,92.084
21,32010130,509,1,86,92.084
21,32011680,488,1,93,92.084
21,32024710,509,1,106,92.084
21,32035580,494,1,86,92.084
21,32036550,481,1,89,92.084
21,32042380,440,1,84,92.084
21,32054800,460,1,87,92.084
21,32059750,486,1,100,92.084
21,32060140,500,1,87,92.084
21,32062590,464,1,84,92.084
21,32065300,490,1,93,92.084
21,32068230,476,1,97,92.084
21,32070640,517,1,102,92.084
21,32074210,469,1,97,92.084
21,32086970,481,1,97,92.084
21,32094290,440,1,108,92.084
21,32098900,504,1,95,92.084
21,32101400,469,1,84,92.084
21,32122800,498,1,85,92.084
21,32142330,506,1,95,92.084
21,32149680,503,1,91,92.084
21,32152060,507,1,102,92.084
21,32156580,464,1,70,92.084
21,32167660,486,1,98,92.084
21,32171170,501,1,120,92.084
21,32175590,509,1,104,92.084
21,32177790,490,1,97,92.084
21,32177880,492,1,105,92.084
21,32179350,456,1,65,92.084
21,32188470,497,1,106,92.084
21,32191160,511,1,94,92.084
21,32198170,440,1,128,92.084
21,32216910,517,1,111,92.084
21,32217430,484,1,86,92.084
21,32237080,490,1,92,92.084
21,32259420,482,1,93,92.084
21,32271350,440,1,91,92.084
21,32293170,498,1,94,92.084
21,32310970,490,1,97,92.084
21,32312520,466,1,84,92.084
21,32314260,481,1,88,92.084
21,32326800,501,1,86,92.084
21,32327570,489,1,119,92.084
21,32330280,479,1,98,92.084
21,32331080,496,1,99,92.084
21,32336660,469,1,92,92.084
21,32348560,440,1,85,92.084
21,32364310,494,1,79,92.084
21,32366260,473,1,86,92.084
21,32394770,504,1,84,92.084
21,32397970,471,1,89,92.084
21,32404810,507,1,89,92.084
21,32410120,466,1,79,92.084
21,32416250,473,1,70,92.084
21,32424890,503,1,124,92.084
21,32447350,493,1,103,92.084
21,32454180,473,1,101,92.084
21,32464680,482,1,101,92.084
21,32483720,490,1,85,92.084
21,32494160,509,1,55,92.084
21,32498740,486,1,105,92.084
21,32499040,498,1,99,92.084
21,32501640,488,1,77,92.084
21,32534960,440,1,91,92.084
21,32536180,509,1,87,92.084
21,32541280,474,1,104,92.084
21,32550470,507,1,104,92.084
21,32551380,474,1,103,92.084
21,32553980,500,1,89,92.084
21,32557240,500,1,112,92.084
21,32562920,504,1,96,92.084
21,32563400,498,1,84,92.084
21,32567190,515,1,100,92.084
21,32575220,492,1,114,92.084
21,32577780,488,1,74,92.084
21,32582200,479,1,84,92.084
21,32583550,440,1,68,92.084
21,32593220,490,1,87,92.084
21,32605700,498,1,82,92.084
21,32616630,489,1,103,92.084
21,32621330,488,1,91,92.084
21,32629690,503,1,101,92.084
21,32629840,473,1,103,92.084
21,32631490,507,1,136,92.084
21,32632370,490,1,84,92.084
21,32636040,440,1,89,92.084
21,32645650,489,1,82,92.084
21,32648240,471,1,59,92.084
21,32656790,506,1,111,92.084
21,32657700,490,1,125,92.084
21,32662130,488,1,94,92.084
21,32668410,486,1,111,92.084
21,32675830,479,1,77,92.084
21,32689930,486,1,101,92.084
21,32692130,503,1,105,92.084
21,32697010,473,1,71,92.084
21,32705040,471,1,85,92.084
21,32706900,496,1,121,92.084
21,32708090,498,1,75,92.084
21,32713580,440,1,75,92.084
21,32717210,476,1,80,92.084
21,32717760,489,1,118,92.084
21,32717850,501,1,56,92.084
21,32719350,485,1,89,92.084
21,32751060,504,1,90,92.084
21,32755080,478,1,91,92.084
21,32755180,513,1,88,92.084
21,32762440,481,1,113,92.084
21,32766800,517,1,88,92.084
21,32783010,479,1,60,92.084
21,32786300,488,1,83,92.084
21,32800620,497,1,85,92.084
21,32800710,506,1,95,92.084
21,32802110,513,1,86,92.084
21,32809650,497,1,85,92.084
21,32820850,501,1,97,92.084
21,32827070,481,1,94,92.084
21,32828720,482,1,102,92.084
21,32847550,501,1,104,92.084
21,32858290,471,1,92,92.084
21,32861530,517,1,44,92.084
21,32893390,479,1,71,92.084
21,32901080,474,1,61,92.084
21,32906510,474,1,82,92.084
21,32916250,506,1,93,92.084
21,32921710,504,1,85,92.084
21,32925830,481,1,98,92.084
21,32932630,506,1,88,92.084
21,32943440,456,1,58,92.084
21,32949270,509,1,111,92.084
21,32950730,469,1,81,92.084
21,32955670,511,1,108,92.084
21,32977460,497,1,80,92.084
22,28579278,449,0,79,86.198112
22,28579841,500,0,90,86.198112
22,28580152,469,0,85,86.198112
22,28581212,488,0,98,86.198112
22,28582306,481,0,107,86.198112
22,28584975,504,0,89,86.198112
22,28585382,482,0,97,86.198112
22,28586063,479,0,101,86.198112
22,28586107,479,0,81,86.198112
22,28587066,479,0,84,86.198112
22,28587240,460,0,75,86.198112
22,28587257,440,0,63,86.198112
22,28587454,473,0,88,86.198112
22,28587890,474,0,80,86.198112
22,28587995,488,0,97,86.198112
22,28588167,478,0,93,86.198112
22,28588425,496,0,95,86.198112
22,28588968,478,0,66,86.198112
22,28589161,509,0,95,86.198112
22,28590730,482,0,88,86.198112
22,28591631,494,0,85,86.198112
22,28591788,517,0,106,86.198112
22,28592209,479,0,71,86.198112
22,28592696,469,0,96,86.198112
22,28593123,481,0,84,86.198112
22,28593759,479,0,80,86.198112
22,28593766,482,0,72,86.198112
22,28594025,481,0,86,86.198112
22,28594323,494,0,76,86.198112
22,28595397,479,0,91,86.198112
22,28595584,489,0,94,86.198112
22,28595730,479,0,108,86.198112
22,28595930,479,0,86,86.198112
22,28596291,481,0,86,86.198112
22,28597020,488,0,95,86.198112
22,28597079,488,0,86,86.198112
22,28597348,485,0,80,86.198112
22,28598193,474,0,64,86.198112
22,28598322,479,0,85,86.198112
22,28598824,488,0,91,86.198112
22,28599157,488,0,85,86.198112
22,28599522,469,0,78,86.198112
22,28599726,469,0,80,86.198112
22,28599946,485,0,89,86.198112
22,28600219,479,0,95,86.198112
22,28600467,471,0,75,86.198112
22,28600682,528,0,89,86.198112
22,28600713,466,0,85,86.198112
22,28600837,492,0,93,86.198112
22,28600878,503,0,111,86.198112
22,28601009,496,0,96,86.198112
22,28601482,513,0,98,86.198112
22,28602106,449,0,71,86.198112
22,28602339,486,0,80,86.198112
22,28602518,474,0,103,86.198112
22,28602569,474,0,117,86.198112
22,28602742,479,0,79,86.198112
22,28603422,449,0,80,86.198112
22,28603952,486,0,78,86.198112
22,28604236,464,0,74,86.198112
22,28604258,517,0,88,86.198112
22,28604481,474,0,78,86.198112
22,28604504,476,0,86,86.198112
22,28604602,474,0,89,86.198112
22,28604783,479,0,80,86.198112
22,28605034,532,0,84,86.198112
22,28605234,449,0,90,86.198112
22,28605610,485,0,77,86.198112
22,28605695,484,0,87,86.198112
22,28606157,471,0,84,86.198112
22,28606224,481,0,78,86.198112
22,28606374,482,0,75,86.198112
22,28606814,490,0,95,86.198112
22,28606865,496,0,79,86.198112
22,28607490,456,0,65,86.198112
22,28607833,488,0,97,86.198112
22,28607966,476,0,90,86.198112
22,28608374,440,0,65,86.198112
22,28608658,476,0,68,86.198112
22,28608729,464,0,103,86.198112
22,28609402,488,0,77,86.198112
22,28609731,469,0,72,86.198112
22,28610214,509,0,89,86.198112
22,28610618,482,0,80,86.198112
22,28610977,469,0,84,86.198112
22,28611250,511,0,86,86.198112
22,28611629,479,0,95,86.198112
22,28613134,449,0,90,86.198112
22,28613370,469,0,86,86.198112
22,28613389,460,0,74,86.198112
22,28613393,460,0,77,86.198112
22,28613597,476,0,76,86.198112
22,28614610,456,0,83,86.198112
22,28615249,479,0,84,86.198112
22,28615377,440,0,95,86.198112
22,28615828,473,0,85,86.198112
22,28616401,478,0,88,86.198112
22,28616407,479,0,82,86.198112
22,28616940,440,0,71,86.198112
22,28617470,504,0,80,86.198112
22,28620459,486,0,82,86.198112
22,28620640,522,0,105,86.198112
22,28620712,476,0,83,86.198112
22,28622503,479,0,91,86.198112
22,28623978,509,0,83,86.198112
22,28624805,484,0,96,86.198112
23,10839450,517,0,104,101.85075
23,11011520,493,0,97,101.85075
23,11392650,492,0,95,101.85075
23,11542620,497,0,95,101.85075
23,12195750,498,0,118,101.85075
23,12195840,484,0,84,101.85075
23,12373430,497,0,112,101.85075
23,12564780,525,0,114,101.85075
23,12584280,500,0,118,101.85075
23,13592590,486,0,107,101.85075
23,14174660,489,0,115,101.85075
23,14190360,513,0,111,101.85075
23,14232210,497,0,110,101.85075
23,14390630,493,0,93,101.85075
23,14507060,501,0,88,101.85075
23,14748230,486,0,120,101.85075
23,15017860,517,0,96,101.85075
23,15650160,485,0,104,101.85075
23,15692110,528,0,123,101.85075
23,16001640,485,0,104,101.85075
23,16333200,493,0,97,101.85075
23,16399100,492,0,106,101.85075
23,16555590,493,0,97,101.85075
23,16645430,493,0,91,101.85075
23,16888560,500,0,101,101.85075
23,17478300,503,0,111,101.85075
23,17521350,479,0,92,101.85075
23,17555160,493,0,96,101.85075
23,17617010,484,0,88,101.85075
23,17732960,490,0,93,101.85075
23,17884893,492,0,92,101.85075
23,18239010,481,0,110,101.85075
23,18843910,478,0,118,101.85075
23,19070260,481,0,111,101.85075
23,19195750,496,0,105,101.85075
23,19371350,501,0,113,101.85075
24,10216050,466,0,106,97.893204
24,10262030,469,0,93,97.893204
24,10474480,440,0,101,97.893204
24,11008780,469,0,84,97.893204
24,11128460,456,0,84,97.893204
24,11350310,471,0,96,97.893204
24,11361010,507,0,103,97.893204
24,11465340,449,0,86,97.893204
24,11591940,503,0,116,97.893204
24,12076330,486,0,94,97.893204
24,12328870,496,0,113,97.893204
24,12606430,460,0,94,97.893204
24,12664720,440,0,97,97.893204
24,12763620,484,0,128,97.893204
24,12778460,474,0,104,97.893204
24,13198370,464,0,112,97.893204
24,13259260,485,0,111,97.893204
24,13346970,440,0,92,97.893204
24,13497550,482,0,96,97.893204
24,13739310,464,0,99,97.893204
24,13822710,456,0,94,97.893204
24,13843800,471,0,96,97.893204
24,13942080,460,0,103,97.893204
24,13961960,473,0,110,97.893204
24,14303850,466,0,97,97.893204
24,14470800,485,0,100,97.893204
24,14508360,496,0,110,97.893204
24,14627160,474,0,105,97.893204
24,14727890,479,0,103,97.893204
24,14851930,488,0,103,97.893204
24,15223550,449,0,93,97.893204
24,15257670,440,0,73,97.893204
24,15337930,460,0,102,97.893204
24,15513350,484,0,111,97.893204
24,15754100,473,0,93,97.893204
24,15811220,456,0,120,97.893204
24,15930740,476,0,90,97.893204
24,16775120,498,0,119,97.893204
24,16875570,456,0,102,97.893204
24,17063160,469,0,73,97.893204
24,17293920,466,0,109,97.893204
24,17676340,473,0,94,97.893204
24,18454550,479,0,92,97.893204
24,18546860,440,0,99,97.893204
24,18667660,473,0,93,97.893204
24,18769010,482,0,75,97.893204
24,18781010,474,0,98,97.893204
24,19160260,496,0,98,97.893204
25,32002500,494,0,74,66.059212
25,32011620,476,0,77,66.059212
25,32028960,440,0,50,66.059212
25,32040430,440,0,47,66.059212
25,32075980,479,0,63,66.059212
25,32079650,440,0,57,66.059212
25,32085380,476,0,49,66.059212
25,32139550,511,0,61,66.059212
25,32168510,460,0,63,66.059212
25,32172390,449,0,68,66.059212
25,32219320,478,0,60,66.059212
25,32266010,479,0,59,66.059212
25,32269160,474,0,40,66.059212
25,32279080,474,0,66,66.059212
25,32315120,507,0,71,66.059212
25,32321400,440,0,60,66.059212
25,32337300,471,0,73,66.059212
25,32342030,473,0,75,66.059212
25,32359270,503,0,61,66.059212
25,32360100,479,0,59,66.059212
25,32382650,476,0,40,66.059212
25,32394950,440,0,61,66.059212
25,32415950,449,0,68,66.059212
25,32456230,474,0,60,66.059212
25,32474390,474,0,73,66.059212
25,32512140,440,0,57,66.059212
25,32542320,494,0,72,66.059212
25,32553940,498,0,70,66.059212
25,32555170,486,0,55,66.059212
25,32577050,484,0,56,66.059212
25,32586050,440,0,61,66.059212
25,32608850,500,0,80,66.059212
25,32608910,515,0,68,66.059212
25,32620350,492,0,64,66.059212
25,32622850,493,0,84,66.059212
25,32625930,537,0,94,66.059212
25,32639360,469,0,78,66.059212
25,32654740,456,0,72,66.059212
25,32663140,498,0,66,66.059212
25,32679310,476,0,58,66.059212
25,32679980,440,0,66,66.059212
25,32771690,479,0,54,66.059212
25,32790030,440,0,54,66.059212
25,32795180,476,0,63,66.059212
25,32830580,496,0,106,66.059212
25,32836080,471,0,70,66.059212
25,32844190,507,0,65,66.059212
25,32863880,456,0,82,66.059212
25,32873950,497,0,77,66.059212
25,32903980,479,0,58,66.059212
25,32939680,471,0,60,66.059212
25,32964130,507,0,67,66.059212
26,31025290,473,0,92,96.488892
26,31052520,479,0,58,96.488892
26,31080800,525,0,96,96.488892
26,31093680,500,0,106,96.488892
26,31110250,481,0,98,96.488892
26,31123680,490,0,99,96.488892
26,31142880,466,0,85,96.488892
26,31162990,498,0,106,96.488892
26,31166340,492,0,90,96.488892
26,31221030,494,0,93,96.488892
26,31228750,440,0,102,96.488892
26,31240930,489,0,116,96.488892
26,31270840,460,0,87,96.488892
26,31277120,476,0,105,96.488892
26,31301440,449,0,90,96.488892
26,31302050,486,0,107,96.488892
26,31364280,493,0,115,96.488892
26,31368920,469,0,97,96.488892
26,31424490,466,0,116,96.488892
26,31439140,456,0,100,96.488892
26,31439170,473,0,99,96.488892
26,31461870,493,0,127,96.488892
26,31499680,525,0,139,96.488892
26,31506490,504,0,119,96.488892
26,31543080,496,0,103,96.488892
26,31543810,466,0,83,96.488892
26,31547720,519,0,108,96.488892
26,31559130,481,0,108,96.488892
26,31559770,449,0,78,96.488892
26,31567650,471,0,72,96.488892
26,31590900,503,0,122,96.488892
26,31695240,473,0,94,96.488892
26,31727650,476,0,70,96.488892
26,31775710,466,0,95,96.488892
26,31787280,494,0,107,96.488892
26,31809500,476,0,91,96.488892
26,31846420,481,0,82,96.488892
26,31893140,440,0,96,96.488892
26,31924180,482,0,78,96.488892
26,31931690,500,0,110,96.488892
26,31946180,486,0,110,96.488892
26,31981160,481,0,119,96.488892
26,31982860,473,0,76,96.488892
26,31998980,476,0,98,96.488892
26,33000440,484,0,99,96.488892
26,33002710,482,0,95,96.488892
26,33004400,466,0,92,96.488892
26,33008930,506,0,103,96.488892
26,33012160,490,0,101,96.488892
26,33014620,488,0,93,96.488892
26,33015180,473,0,111,96.488892
26,33022030,481,0,98,96.488892
26,33026620,464,0,91,96.488892
26,33028940,440,0,91,96.488892
26,33029550,485,0,91,96.488892
26,33032930,482,0,96,96.488892
26,33034970,484,0,83,96.488892
26,33036220,466,0,86,96.488892
26,33036520,507,0,110,96.488892
26,33037460,503,0,97,96.488892
26,33040070,474,0,104,96.488892
26,33040380,478,0,85,96.488892
26,33046140,479,0,110,96.488892
26,33047130,484,0,109,96.488892
26,33048600,473,0,83,96.488892
26,33049370,489,0,93,96.488892
27,31014920,449,0,81,85.460785
27,31079650,460,0,93,85.460785
27,31137930,440,0,92,85.460785
27,31189930,460,0,80,85.460785
27,31200830,473,0,89,85.460785
27,31214260,479,0,78,85.460785
27,31230740,460,0,88,85.460785
27,31264550,482,0,91,85.460785
27,31270380,440,0,75,85.460785
27,31312310,460,0,81,85.460785
27,31338490,449,0,89,85.460785
27,31361010,490,0,120,85.460785
27,31362360,464,0,91,85.460785
27,31394030,500,0,96,85.460785
27,31427970,440,0,52,85.460785
27,31443810,479,0,79,85.460785
27,31525930,440,0,82,85.460785
27,31526880,440,0,77,85.460785
27,31534930,440,0,72,85.460785
27,31555470,488,0,88,85.460785
27,31582390,503,0,113,85.460785
27,31595780,476,0,70,85.460785
27,31602040,440,0,64,85.460785
27,31641220,479,0,80,85.460785
27,31655510,440,0,82,85.460785
27,31688070,486,0,97,85.460785
27,31746110,469,0,122,85.460785
27,31768330,440,0,75,85.460785
27,31794240,440,0,70,85.460785
27,31822620,471,0,88,85.460785
27,31823170,440,0,78,85.460785
27,31829090,471,0,72,85.460785
27,31885790,486,0,124,85.460785
27,31908040,464,0,87,85.460785
27,31931840,482,0,116,85.460785
27,31938490,471,0,87,85.460785
27,31939870,456,0,73,85.460785
27,31942030,481,0,80,85.460785
27,31946550,440,0,74,85.460785
27,31964040,473,0,89,85.460785
27,31990920,440,0,82,85.460785
28,32016750,440,0,79,86.948273
28,32035330,481,0,71,86.948273
28,32062710,492,0,75,86.948273
28,32073970,488,0,81,86.948273
28,32095390,476,0,71,86.948273
28,32121000,485,0,82,86.948273
28,32124930,485,0,76,86.948273
28,32131550,474,0,111,86.948273
28,32139640,490,0,93,86.948273
28,32143000,471,0,96,86.948273
28,32156060,476,0,94,86.948273
28,32202570,490,0,102,86.948273
28,32222070,486,0,82,86.948273
28,32239710,500,0,96,86.948273
28,32262320,486,0,81,86.948273
28,32268700,473,0,76,86.948273
28,32275230,498,0,89,86.948273
28,32300770,479,0,75,86.948273
28,32303280,473,0,95,86.948273
28,32317130,492,0,77,86.948273
28,32327380,478,0,87,86.948273
28,32349420,496,0,88,86.948273
28,32353260,494,0,93,86.948273
28,32400290,504,0,103,86.948273
28,32447740,488,0,97,86.948273
28,32449850,476,0,69,86.948273
28,32453270,494,0,100,86.948273
28,32461450,497,0,74,86.948273
28,32462180,471,0,63,86.948273
28,32471270,456,0,83,86.948273
28,32472680,464,0,84,86.948273
28,32488270,498,0,75,86.948273
28,32519610,449,0,96,86.948273
28,32527030,497,0,104,86.948273
28,32592000,440,0,78,86.948273
28,32604760,506,0,101,86.948273
28,32613790,440,0,74,86.948273
28,32634450,501,0,82,86.948273
28,32669910,489,0,88,86.948273
28,32684680,473,0,88,86.948273
28,32713640,474,0,98,86.948273
28,32748000,504,0,88,86.948273
28,32760580,490,0,91,86.948273
28,32761830,481,0,81,86.948273
28,32789780,478,0,96,86.948273
28,32835890,476,0,73,86.948273
28,32889570,474,0,96,86.948273
28,32893970,460,0,81,86.948273
28,32894550,479,0,118,86.948273
28,32898670,492,0,100,86.948273
28,32912220,481,0,93,86.948273
28,32918780,476,0,102,86.948273
28,32931900,464,0,89,86.948273
28,32933300,473,0,98,86.948273
28,32967510,481,0,92,86.948273
28,33013360,498,0,100,86.948273
29,31027160,486,0,113,103.13793
29,31035210,504,0,85,103.13793
29,31086760,485,0,105,103.13793
29,31185390,464,0,87,103.13793
29,31390560,501,0,110,103.13793
29,31435200,466,0,92,103.13793
29,31569140,498,0,116,103.13793
29,31572250,497,0,88,103.13793
29,31601400,476,0,105,103.13793
29,31608970,504,0,119,103.13793
30,31000910,466,0,84,86.75
30,31019500,469,0,112,86.75
30,31065760,440,0,82,86.75
30,31079680,474,0,85,86.75
30,31143910,464,0,99,86.75
30,31145230,440,0,70,86.75
30,31163290,482,0,92,86.75
30,31259120,440,0,58,86.75
30,31268030,545,0,96,86.75
30,31309130,460,0,93,86.75
30,31324760,471,0,104,86.75
30,31332630,456,0,104,86.75
30,31366870,479,0,113,86.75
30,31374720,456,0,79,86.75
30,31384150,440,0,75,86.75
30,31490500,490,0,98,86.75
30,31518240,484,0,63,86.75
30,31593010,476,0,83,86.75
30,31601920,482,0,80,86.75
30,31644150,484,0,80,86.75
30,31645400,481,0,78,86.75
30,31804550,469,0,87,86.75
30,31914480,449,0,57,86.75
30,31957410,474,0,75,86.75
31,32000540,498,0,87,88.938934
31,32014490,490,0,97,88.938934
31,32018090,473,0,82,88.938934
31,32025600,440,0,79,88.938934
31,32054410,473,0,85,88.938934
31,32084800,496,0,84,88.938934
31,32086390,464,0,81,88.938934
31,32124630,464,0,72,88.938934
31,32142510,456,0,79,88.938934
31,32145680,492,0,104,88.938934
31,32147970,486,0,73,88.938934
31,32174280,440,0,80,88.938934
31,32212940,481,0,76,88.938934
31,32253230,474,0,89,88.938934
31,32257410,449,0,98,88.938934
31,32259850,474,0,100,88.938934
31,32310690,466,0,92,88.938934
31,32314900,440,0,87,88.938934
31,32335320,497,0,83,88.938934
31,32345600,449,0,67,88.938934
31,32347100,440,0,62,88.938934
31,32409380,471,0,99,88.938934
31,32412160,481,0,89,88.938934
31,32412220,484,0,98,88.938934
31,32419850,464,0,76,88.938934
31,32463400,476,0,82,88.938934
31,32526300,478,0,97,88.938934
31,32541310,464,0,83,88.938934
31,32578720,471,0,90,88.938934
31,32586930,481,0,91,88.938934
31,32589130,469,0,92,88.938934
31,32589190,440,0,90,88.938934
31,32589740,440,0,70,88.938934
31,32612260,449,0,79,88.938934
31,32614520,440,0,88,88.938934
31,32630600,478,0,78,88.938934
31,32648790,482,0,91,88.938934
31,32657670,489,0,95,88.938934
31,32680500,479,0,93,88.938934
31,32693710,473,0,58,88.938934
31,32697160,489,0,93,88.938934
31,32712660,449,0,72,88.938934
31,32722950,469,0,95,88.938934
31,32730880,504,0,102,88.938934
31,32736320,466,0,96,88.938934
31,32750290,478,0,103,88.938934
31,32754720,493,0,97,88.938934
31,32778090,449,0,83,88.938934
31,32789140,490,0,97,88.938934
31,32791120,449,0,76,88.938934
31,32791400,492,0,80,88.938934
31,32794210,489,0,85,88.938934
31,32795120,456,0,77,88.938934
31,32813190,498,0,77,88.938934
31,32815170,492,0,74,88.938934
31,32846060,471,0,81,88.938934
31,32933240,456,0,83,88.938934
31,32959820,476,0,89,88.938934
31,32964920,484,0,87,88.938934
31,32977950,481,0,90,88.938934
31,33021760,481,0,84,88.938934
32,32017850,479,0,85,86.991455
32,32026820,476,0,92,86.991455
32,32034270,464,0,95,86.991455
32,32063230,449,0,75,86.991455
32,32075190,456,0,90,86.991455
32,32117850,493,0,71,86.991455
32,32131920,466,0,77,86.991455
32,32150930,486,0,89,86.991455
32,32176900,466,0,84,86.991455
32,32184750,498,0,104,86.991455
32,32186520,494,0,91,86.991455
32,32187620,473,0,90,86.991455
32,32203880,503,0,99,86.991455
32,32207450,479,0,103,86.991455
32,32211300,469,0,75,86.991455
32,32226740,471,0,84,86.991455
32,32234180,486,0,92,86.991455
32,32318960,469,0,89,86.991455
32,32323510,473,0,101,86.991455
32,32340450,479,0,89,86.991455
32,32352840,471,0,88,86.991455
32,32389400,460,0,93,86.991455
32,32398760,489,0,93,86.991455
32,32410570,460,0,68,86.991455
32,32423850,440,0,87,86.991455
32,32440420,482,0,72,86.991455
32,32482380,493,0,94,86.991455
32,32555930,471,0,88,86.991455
32,32578270,479,0,75,86.991455
32,32598290,464,0,91,86.991455
32,32609330,464,0,79,86.991455
32,32619740,440,0,74,86.991455
32,32634200,440,0,82,86.991455
32,32634330,440,0,77,86.991455
32,32648150,498,0,82,86.991455
32,32665850,498,0,97,86.991455
32,32679580,460,0,87,86.991455
32,32679680,456,0,93,86.991455
32,32704790,497,0,104,86.991455
32,32738570,466,0,82,86.991455
32,32754290,504,0,84,86.991455
32,32779770,501,0,90,86.991455
32,32804700,474,0,103,86.991455
32,32839890,489,0,102,86.991455
32,32852800,503,0,84,86.991455
32,32874100,474,0,82,86.991455
32,32887560,496,0,90,86.991455
32,32892960,449,0,84,86.991455
32,32901410,460,0,86,86.991455
32,32903210,482,0,83,86.991455
32,32941270,469,0,82,86.991455
32,32946030,484,0,100,86.991455
32,32950120,474,0,83,86.991455
32,32955950,494,0,99,86.991455
32,32971570,476,0,76,86.991455
32,32999070,440,0,81,86.991455
32,33033700,492,0,93,86.991455
32,33042700,476,0,86,86.991455
33,33001100,479,0,71,91.337082
33,33001240,485,0,104,91.337082
33,33002820,506,0,111,91.337082
33,33004450,493,0,93,91.337082
33,33007900,479,0,88,91.337082
33,33011600,479,0,84,91.337082
33,33012670,479,0,78,91.337082
33,33013930,466,0,96,91.337082
33,33015010,513,0,91,91.337082
33,33016150,511,0,122,91.337082
33,33016380,484,0,91,91.337082
33,33016390,440,0,78,91.337082
33,33017760,481,0,94,91.337082
33,33020100,504,0,86,91.337082
33,33022310,492,0,85,91.337082
33,33022470,464,0,80,91.337082
33,33022530,484,0,90,91.337082
33,33022810,481,0,72,91.337082
33,33023610,440,0,82,91.337082
33,33026820,504,0,89,91.337082
33,33029150,484,0,97,91.337082
33,33029920,466,0,86,91.337082
33,33030640,504,0,107,91.337082
33,33031880,440,0,77,91.337082
33,33032130,479,0,88,91.337082
33,33032200,489,0,87,91.337082
33,33034790,449,0,89,91.337082
33,33036040,471,0,88,91.337082
33,33036320,471,0,104,91.337082
33,33036620,500,0,89,91.337082
33,33037490,484,0,83,91.337082
33,33037760,486,0,74,91.337082
33,33041250,486,0,105,91.337082
33,33041320,478,0,90,91.337082
33,33041360,473,0,93,91.337082
33,33041950,460,0,94,91.337082
33,33043690,460,0,73,91.337082
33,33043800,440,0,72,91.337082
33,33045420,498,0,101,91.337082
33,33046200,476,0,78,91.337082
33,33049570,476,0,89,91.337082
34,32004110,476,0,89,86.847824
34,32032310,469,0,96,86.847824
34,32034020,471,0,73,86.847824
34,32041680,486,0,84,86.847824
34,32043540,486,0,82,86.847824
34,32047910,481,0,87,86.847824
34,32052450,478,0,87,86.847824
34,32054930,481,0,84,86.847824
34,32081900,476,0,104,86.847824
34,32082120,482,0,100,86.847824
34,32093770,479,0,77,86.847824
34,32101430,479,0,74,86.847824
34,32105980,488,0,101,86.847824
34,32115080,503,0,97,86.847824
34,32135250,466,0,82,86.847824
34,32147480,440,0,77,86.847824
34,32177640,484,0,86,86.847824
34,32185300,449,0,99,86.847824
34,32195090,504,0,97,86.847824
34,32199670,485,0,70,86.847824
34,32226490,493,0,79,86.847824
34,32236660,498,0,114,86.847824
34,32260550,490,0,77,86.847824
34,32262690,494,0,72,86.847824
34,32300010,478,0,79,86.847824
34,32314050,471,0,81,86.847824
34,32323480,490,0,97,86.847824
34,32325460,471,0,91,86.847824
34,32328120,466,0,73,86.847824
34,32336110,479,0,77,86.847824
34,32336840,494,0,85,86.847824
34,32350180,545,0,88,86.847824
34,32364040,469,0,86,86.847824
34,32366540,469,0,89,86.847824
34,32373590,466,0,88,86.847824
34,32381400,482,0,91,86.847824
34,32387750,440,0,90,86.847824
34,32413200,507,0,82,86.847824
34,32438220,528,0,106,86.847824
34,32442860,501,0,90,86.847824
34,32460380,478,0,70,86.847824
34,32530900,486,0,94,86.847824
34,32533890,466,0,68,86.847824
34,32545860,440,0,91,86.847824
34,32547380,481,0,75,86.847824
34,32552600,466,0,85,86.847824
34,32564230,493,0,110,86.847824
34,32564990,501,0,92,86.847824
34,32569840,474,0,96,86.847824
34,32574640,509,0,113,86.847824
34,32610190,486,0,93,86.847824
34,32618090,466,0,87,86.847824
34,32620930,488,0,103,86.847824
34,32622270,497,0,113,86.847824
34,32630910,440,0,75,86.847824
34,32649800,489,0,77,86.847824
34,32659810,478,0,99,86.847824
34,32665390,440,0,89,86.847824
34,32667350,482,0,74,86.847824
34,32681840,460,0,85,86.847824
34,32684620,490,0,102,86.847824
34,32691030,479,0,91,86.847824
34,32742660,471,0,89,86.847824
34,32746810,473,0,106,86.847824
34,32798970,478,0,94,86.847824
34,32834060,469,0,86,86.847824
34,32841750,492,0,86,86.847824
34,32845750,440,0,73,86.847824
34,32865070,498,0,78,86.847824
34,32872240,488,0,83,86.847824
34,32889180,474,0,64,86.847824
34,32894120,471,0,85,86.847824
34,32907210,486,0,88,86.847824
34,32934100,473,0,70,86.847824
34,32966390,474,0,79,86.847824
34,32974410,513,0,85,86.847824
34,32991100,440,0,73,86.847824
34,32995740,473,0,104,86.847824
34,32997940,478,0,120,86.847824
35,32003440,493,0,90,88.912697
35,32034390,464,0,85,88.912697
35,32042020,440,0,79,88.912697
35,32080070,473,0,80,88.912697
35,32130150,474,0,101,88.912697
35,32159140,494,0,91,88.912697
35,32186330,449,0,79,88.912697
35,32209040,481,0,83,88.912697
35,32209530,460,0,68,88.912697
35,32227290,494,0,104,88.912697
35,32238400,498,0,86,88.912697
35,32265250,449,0,78,88.912697
35,32272640,496,0,91,88.912697
35,32273640,476,0,80,88.912697
35,32286060,496,0,92,88.912697
35,32288720,464,0,87,88.912697
35,32302360,498,0,90,88.912697
35,32336020,464,0,88,88.912697
35,32347560,488,0,113,88.912697
35,32348900,474,0,94,88.912697
35,32352470,466,0,79,88.912697
35,32393820,476,0,84,88.912697
35,32407250,440,0,96,88.912697
35,32417680,492,0,80,88.912697
35,32418600,440,0,93,88.912697
35,32445180,507,0,99,88.912697
35,32459130,486,0,104,88.912697
35,32462120,440,0,75,88.912697
35,32495320,471,0,97,88.912697
35,32507070,476,0,92,88.912697
35,32531580,488,0,95,88.912697
35,32533470,479,0,91,88.912697
35,32580890,456,0,72,88.912697
35,32585560,440,0,74,88.912697
35,32617180,478,0,63,88.912697
35,32625660,486,0,80,88.912697
35,32638200,492,0,107,88.912697
35,32673020,492,0,95,88.912697
35,32676750,481,0,83,88.912697
35,32724350,449,0,83,88.912697
35,32757100,479,0,89,88.912697
35,32757620,492,0,100,88.912697
35,32770430,466,0,93,88.912697
35,32773000,479,0,93,88.912697
35,32773030,449,0,90,88.912697
35,32791160,460,0,80,88.912697
35,32819600,473,0,98,88.912697
35,32850730,484,0,103,88.912697
35,32878400,469,0,98,88.912697
35,32879780,501,0,104,88.912697
35,32885910,471,0,72,88.912697
35,32899430,440,0,91,88.912697
35,32946430,496,0,89,88.912697
35,32958570,460,0,68,88.912697
35,32965780,494,0,80,88.912697
35,32987470,471,0,81,88.912697
35,32988270,498,0,108,88.912697
36,32000760,456,0,99,96.041664
36,32008720,484,0,86,96.041664
36,32010460,471,0,94,96.041664
36,32019100,486,0,98,96.041664
36,32029660,492,0,99,96.041664
36,32034820,469,0,74,96.041664
36,32035850,522,0,118,96.041664
36,32037130,492,0,88,96.041664
36,32048980,489,0,93,96.041664
36,32049040,500,0,117,96.041664
36,32061400,485,0,113,96.041664
36,32070340,484,0,84,96.041664
36,32071310,476,0,89,96.041664
36,32075400,507,0,107,96.041664
36,32076350,469,0,72,96.041664
36,32086110,440,0,80,96.041664
36,32090390,486,0,93,96.041664
36,32091700,489,0,98,96.041664
36,32093230,460,0,99,96.041664
36,32099510,464,0,94,96.041664
36,32103080,464,0,95,96.041664
36,32107050,488,0,82,96.041664
36,32136560,466,0,100,96.041664
36,32147730,507,0,103,96.041664
36,32177360,473,0,79,96.041664
36,32183950,528,0,101,96.041664
36,32192560,440,0,98,96.041664
36,32193020,488,0,114,96.041664
36,32210320,474,0,108,96.041664
36,32210590,504,0,105,96.041664
36,32216640,497,0,120,96.041664
36,32218900,494,0,112,96.041664
36,32225940,440,0,77,96.041664
36,32245660,486,0,91,96.041664
36,32253320,481,0,95,96.041664
36,32265620,466,0,97,96.041664
36,32279140,440,0,81,96.041664
36,32284970,482,0,88,96.041664
36,32294060,466,0,85,96.041664
36,32297720,460,0,92,96.041664
36,32310900,440,0,73,96.041664
36,32339740,500,0,108,96.041664
36,32359490,532,0,109,96.041664
36,32360710,449,0,86,96.041664
36,32372790,500,0,96,96.041664
36,32380240,473,0,86,96.041664
36,32395680,485,0,95,96.041664
36,32410940,479,0,99,96.041664
36,32428790,474,0,72,96.041664
36,32429830,471,0,100,96.041664
36,32450000,482,0,103,96.041664
36,32450490,440,0,97,96.041664
36,32468010,482,0,123,96.041664
36,32478960,440,0,86,96.041664
36,32484430,469,0,90,96.041664
36,32488610,471,0,103,96.041664
36,32501820,469,0,81,96.041664
36,32523090,482,0,106,96.041664
36,32526750,440,0,105,96.041664
36,32534870,476,0,110,96.041664
36,32546280,476,0,93,96.041664
36,32550070,440,0,97,96.041664
36,32560840,466,0,86,96.041664
36,32570610,504,0,121,96.041664
36,32575760,485,0,91,96.041664
36,32594990,494,0,116,96.041664
36,32619250,507,0,105,96.041664
36,32668570,486,0,87,96.041664
36,32678030,482,0,66,96.041664
36,32686110,473,0,109,96.041664
36,32705490,476,0,112,96.041664
36,32726000,460,0,81,96.041664
36,32732170,482,0,84,96.041664
36,32755110,474,0,93,96.041664
36,32779410,484,0,93,96.041664
36,32782850,476,0,97,96.041664
36,32820760,473,0,74,96.041664
36,32832480,479,0,105,96.041664
36,32842240,440,0,89,96.041664
36,32860550,469,0,91,96.041664
36,32867330,482,0,97,96.041664
36,32872760,476,0,102,96.041664
36,32932910,440,0,84,96.041664
36,32947280,489,0,112,96.041664
36,32994580,507,0,111,96.041664
37,31000420,509,0,118,99.554138
37,31035730,503,0,100,99.554138
37,31049830,481,0,82,99.554138
37,31051020,449,0,88,99.554138
37,31059320,449,0,72,99.554138
37,31074790,489,0,99,99.554138
37,31078550,476,0,98,99.554138
37,31088950,488,0,93,99.554138
37,31120870,515,0,112,99.554138
37,31125700,492,0,116,99.554138
37,31141380,460,0,128,99.554138
37,31143460,494,0,105,99.554138
37,31170160,485,0,95,99.554138
37,31172170,492,0,99,99.554138
37,31193350,492,0,122,99.554138
37,31197410,500,0,106,99.554138
37,31200980,494,0,99,99.554138
37,31212030,507,0,102,99.554138
37,31215660,481,0,107,99.554138
37,31219480,478,0,87,99.554138
37,31229450,507,0,85,99.554138
37,31258110,519,0,113,99.554138
37,31266290,478,0,93,99.554138
37,31284930,493,0,113,99.554138
37,31307400,488,0,92,99.554138
37,31312400,479,0,110,99.554138
37,31322870,456,0,93,99.554138
37,31344500,476,0,125,99.554138
37,31369990,484,0,100,99.554138
37,31379420,478,0,108,99.554138
37,31421470,507,0,101,99.554138
37,31447560,486,0,98,99.554138
37,31458270,492,0,111,99.554138
37,31469590,456,0,86,99.554138
37,31531700,481,0,99,99.554138
37,31537070,464,0,112,99.554138
37,31539850,492,0,99,99.554138
37,31555560,490,0,108,99.554138
37,31626330,513,0,114,99.554138
37,31634080,478,0,115,99.554138
37,31665090,466,0,105,99.554138
37,31674090,501,0,113,99.554138
37,31708270,488,0,109,99.554138
37,31715050,471,0,96,99.554138
37,31719840,513,0,102,99.554138
37,31787130,464,0,88,99.554138
37,31806690,493,0,87,99.554138
37,31808950,473,0,97,99.554138
37,31822980,469,0,98,99.554138
37,31825370,498,0,106,99.554138
37,31865590,504,0,83,99.554138
37,31867600,493,0,122,99.554138
37,31874160,484,0,136,99.554138
37,31892200,494,0,127,99.554138
37,31912160,506,0,103,99.554138
37,31923970,513,0,109,99.554138
37,31937120,473,0,82,99.554138
37,31969890,503,0,135,99.554138
38,32004790,440,0,66,83.289856
38,32013360,464,0,70,83.289856
38,32024040,479,0,70,83.289856
38,32064140,515,0,111,83.289856
38,32095150,449,0,79,83.289856
38,32122430,493,0,98,83.289856
38,32143210,464,0,61,83.289856
38,32200740,473,0,85,83.289856
38,32201900,460,0,89,83.289856
38,32215840,501,0,97,83.289856
38,32266470,456,0,83,83.289856
38,32300250,466,0,81,83.289856
38,32332570,479,0,99,83.289856
38,32365290,440,0,80,83.289856
38,32366970,449,0,97,83.289856
38,32370230,440,0,63,83.289856
38,32380820,449,0,80,83.289856
38,32406030,476,0,80,83.289856
38,32415880,440,0,91,83.289856
38,32435200,486,0,83,83.289856
38,32436360,440,0,71,83.289856
38,32442430,456,0,81,83.289856
38,32494070,481,0,84,83.289856
38,32514210,482,0,74,83.289856
38,32521020,504,0,93,83.289856
38,32540940,485,0,87,83.289856
38,32589340,440,0,87,83.289856
38,32673630,500,0,88,83.289856
38,32757340,479,0,114,83.289856
38,32771810,456,0,91,83.289856
38,32814530,469,0,91,83.289856
38,32821400,478,0,74,83.289856
38,32830030,473,0,80,83.289856
38,32905750,471,0,79,83.289856
38,32941540,449,0,99,83.289856
38,32942950,440,0,70,83.289856
38,32971510,501,0,94,83.289856
39,32020040,456,0,69,86.243591
39,32035180,481,0,100,86.243591
39,32041650,473,0,81,86.243591
39,32110100,449,0,76,86.243591
39,32156850,440,0,87,86.243591
39,32227320,449,0,86,86.243591
39,32251980,494,0,110,86.243591
39,32283160,464,0,76,86.243591
39,32283930,449,0,91,86.243591
39,32319210,440,0,58,86.243591
39,32403650,503,0,97,86.243591
39,32430200,464,0,99,86.243591
39,32457020,460,0,99,86.243591
39,32465080,464,0,91,86.243591
39,32467210,479,0,95,86.243591
39,32506490,440,0,87,86.243591
39,32571920,485,0,79,86.243591
39,32656570,474,0,99,86.243591
39,32773970,440,0,76,86.243591
39,32799820,464,0,68,86.243591
39,32905200,456,0,85,86.243591
39,32937520,440,0,86,86.243591
39,32995410,479,0,104,86.243591
39,33003320,464,0,87,86.243591
39,33005350,474,0,88,86.243591
39,33012930,464,0,88,86.243591
39,33023470,466,0,92,86.243591
39,33026250,464,0,93,86.243591
39,33029970,493,0,93,86.243591
39,33036440,460,0,93,86.243591
39,33040220,476,0,93,86.243591
39,33041220,440,0,88,86.243591
39,33041300,471,0,93,86.243591
39,33044760,469,0,83,86.243591
39,33046380,460,0,98,86.243591
39,33048390,473,0,83,86.243591
40,32001280,494,0,90,82.470047
40,32016290,489,0,107,82.470047
40,32036980,460,0,75,82.470047
40,32037380,471,0,89,82.470047
40,32057310,485,0,67,82.470047
40,32066000,490,0,85,82.470047
40,32071010,460,0,76,82.470047
40,32077750,473,0,84,82.470047
40,32084560,440,0,67,82.470047
40,32122400,460,0,70,82.470047
40,32129480,464,0,83,82.470047
40,32137260,466,0,77,82.470047
40,32146230,440,0,89,82.470047
40,32156400,440,0,82,82.470047
40,32163260,440,0,68,82.470047
40,32173490,440,0,82,82.470047
40,32175320,464,0,95,82.470047
40,32176540,473,0,77,82.470047
40,32177970,440,0,70,82.470047
40,32218530,440,0,84,82.470047
40,32229180,466,0,86,82.470047
40,32234830,440,0,80,82.470047
40,32240720,456,0,88,82.470047
40,32241020,485,0,93,82.470047
40,32245990,486,0,85,82.470047
40,32247090,440,0,72,82.470047
40,32251760,440,0,74,82.470047
40,32255670,440,0,88,82.470047
40,32271960,478,0,83,82.470047
40,32278470,449,0,73,82.470047
40,32297450,473,0,73,82.470047
40,32305630,449,0,72,82.470047
40,32315600,456,0,69,82.470047
40,32325550,460,0,86,82.470047
40,32344840,479,0,100,82.470047
40,32346060,449,0,73,82.470047
40,32358300,464,0,69,82.470047
40,32360650,440,0,84,82.470047
40,32386400,484,0,76,82.470047
40,32387930,440,0,90,82.470047
40,32396780,440,0,69,82.470047
40,32418940,482,0,87,82.470047
40,32420800,464,0,80,82.470047
40,32422230,440,0,84,82.470047
40,32425650,440,0,76,82.470047
40,32433650,473,0,90,82.470047
40,32439870,449,0,93,82.470047
40,32441760,479,0,83,82.470047
40,32443750,440,0,49,82.470047
40,32454790,449,0,87,82.470047
40,32489490,466,0,73,82.470047
40,32492270,498,0,101,82.470047
40,32509210,479,0,88,82.470047
40,32511800,476,0,89,82.470047
40,32522730,466,0,81,82.470047
40,32524220,476,0,83,82.470047
40,32539820,471,0,73,82.470047
40,32541520,440,0,85,82.470047
40,32542200,460,0,70,82.470047
40,32544240,456,0,78,82.470047
40,32593130,471,0,91,82.470047
40,32605460,473,0,84,82.470047
40,32625510,494,0,64,82.470047
40,32635430,440,0,89,82.470047
40,32635910,440,0,78,82.470047
40,32641380,449,0,77,82.470047
40,32648030,456,0,73,82.470047
40,32652520,474,0,74,82.470047
40,32667190,440,0,79,82.470047
40,32691610,440,0,87,82.470047
40,32698380,456,0,86,82.470047
40,32701710,440,0,61,82.470047
40,32710160,440,0,72,82.470047
40,32714100,471,0,94,82.470047
40,32718340,460,0,87,82.470047
40,32718650,473,0,78,82.470047
40,32722580,474,0,93,82.470047
40,32742540,440,0,80,82.470047
40,32758720,469,0,83,82.470047
40,32766620,440,0,87,82.470047
40,32778830,440,0,68,82.470047
40,32779160,449,0,87,82.470047
40,32783920,460,0,61,82.470047
40,32800430,460,0,95,82.470047
40,32800520,449,0,65,82.470047
40,32806440,464,0,85,82.470047
40,32813370,440,0,79,82.470047
40,32827840,460,0,73,82.470047
40,32833480,474,0,78,82.470047
40,32837480,440,0,59,82.470047
40,32853110,464,0,86,82.470047
40,32854660,460,0,83,82.470047
40,32866620,440,0,75,82.470047
40,32890000,449,0,85,82.470047
40,32895010,469,0,93,82.470047
40,32904620,478,0,103,82.470047
40,32907580,464,0,88,82.470047
40,32910690,449,0,93,82.470047
40,32920210,440,0,82,82.470047
40,32928270,440,0,67,82.470047
40,32931200,440,0,72,82.470047
40,32980180,484,0,85,82.470047
40,32981800,464,0,66,82.470047
40,32984880,484,0,92,82.470047
40,32991130,456,0,67,82.470047
40,32992540,440,0,86,82.470047
40,32997180,496,0,78,82.470047
41,31012050,464,0,85,83.611115
41,31032530,466,0,95,83.611115
41,31034880,496,0,101,83.611115
41,31037170,440,0,55,83.611115
41,31059720,482,0,118,83.611115
41,31060600,469,0,84,83.611115
41,31076010,484,0,78,83.611115
41,31090720,473,0,90,83.611115
41,31099630,490,0,89,83.611115
41,31103570,494,0,99,83.611115
41,31124990,456,0,86,83.611115
41,31154080,460,0,83,83.611115
41,31160060,460,0,85,83.611115
41,31164300,476,0,61,83.611115
41,31178060,478,0,65,83.611115
41,31182030,479,0,76,83.611115
41,31194120,456,0,82,83.611115
41,31196590,486,0,77,83.611115
41,31290150,474,0,84,83.611115
41,31296130,488,0,77,83.611115
41,31342800,456,0,84,83.611115
41,31379360,449,0,78,83.611115
41,31385730,501,0,73,83.611115
41,31387350,464,0,97,83.611115
41,31423030,484,0,65,83.611115
41,31432610,479,0,71,83.611115
41,31441000,449,0,62,83.611115
41,31448970,474,0,92,83.611115
41,31513390,469,0,83,83.611115
41,31534780,449,0,65,83.611115
41,31543420,460,0,76,83.611115
41,31547510,440,0,83,83.611115
41,31571400,449,0,86,83.611115
41,31599720,469,0,95,83.611115
41,31610070,466,0,111,83.611115
41,31640800,507,0,107,83.611115
41,31650840,449,0,70,83.611115
41,31657700,440,0,79,83.611115
41,31666060,484,0,95,83.611115
41,31673970,466,0,68,83.611115
41,31686480,473,0,63,83.611115
41,31700700,474,0,78,83.611115
41,31706530,473,0,96,83.611115
41,31717330,469,0,96,83.611115
41,31763050,494,0,92,83.611115
41,31781540,440,0,71,83.611115
41,31799390,456,0,98,83.611115
41,31819110,440,0,74,83.611115
41,31840930,440,0,88,83.611115
41,31870840,460,0,103,83.611115
41,31871970,479,0,83,83.611115
41,31893480,488,0,94,83.611115
41,31897110,440,0,88,83.611115
41,31908770,484,0,100,83.611115
41,31916520,489,0,89,83.611115
41,31926560,456,0,43,83.611115
41,31957570,460,0,71,83.611115
41,31970410,488,0,94,83.611115
41,31979390,473,0,78,83.611115
41,31989400,485,0,65,83.611115
