wage,hours,IQ,KWW,educ,exper,tenure,age,married,black,south,urban,sibs,brthord,meduc,feduc,lwage
769,40,93,35,12,11,2,31,1,0,0,1,1,2,8,8,6.6450911
808,50,119,41,18,11,16,37,1,0,0,1,1,,14,14,6.694562
825,40,108,46,14,11,9,33,1,0,0,1,1,2,14,14,6.7153835
650,40,96,32,12,13,7,32,1,0,0,1,4,3,12,12,6.4769726
562,40,74,27,11,14,5,34,1,0,0,1,10,6,6,11,6.331502
1400,40,116,43,16,14,2,35,1,1,0,1,1,2,8,,7.2442274
600,40,91,24,10,13,0,30,0,0,0,1,1,2,8,8,6.3969297
1081,40,114,50,18,8,14,38,1,0,0,1,2,3,8,,6.985642
1154,45,111,37,15,13,1,36,1,0,0,0,2,3,14,5,7.0509896
1000,40,95,44,12,16,16,36,1,0,0,1,1,1,12,11,6.9077554
930,43,132,44,18,8,13,38,1,0,0,0,1,1,13,14,6.8351846
921,38,102,45,14,9,11,33,1,0,0,0,1,2,16,,6.82546
900,45,125,40,15,4,3,30,0,0,0,0,2,,12,12,6.8023949
1318,38,119,24,16,7,2,28,1,0,0,1,3,1,10,10,7.1838708
1792,40,118,47,16,9,9,34,1,0,0,1,1,1,12,12,7.4910874
958,50,105,37,10,17,2,35,1,0,0,1,1,2,6,8,6.8648477
1360,45,109,39,15,6,9,36,1,0,0,1,3,3,12,10,7.21524
850,40,72,36,11,19,10,38,1,0,0,1,2,3,10,8,6.7452364
830,44,105,29,14,4,7,29,1,0,0,1,3,1,12,,6.7214255
471,44,101,34,12,13,7,31,1,0,0,1,3,2,8,,6.1548581
1275,40,123,37,14,9,1,31,1,0,0,1,0,1,12,,7.1507015
1615,50,113,49,16,10,4,36,1,0,0,1,2,1,12,12,7.3870902
873,65,95,36,12,14,3,38,1,0,0,1,5,1,10,10,6.7719355
2137,45,145,50,16,17,8,38,1,0,0,1,2,1,12,12,7.6671581
1053,38,114,35,16,12,7,32,1,0,0,1,0,1,11,11,6.9593987
1602,60,124,32,16,8,9,29,1,0,0,1,3,1,16,16,7.3790083
1188,40,93,40,13,16,5,35,1,0,0,1,2,1,12,8,7.0800266
800,40,115,39,18,11,1,35,1,0,1,1,0,1,8,8,6.6846118
1417,48,125,41,17,9,4,34,1,0,0,1,3,1,13,12,7.2562971
635,40,128,35,18,8,13,36,0,0,0,1,2,1,16,16,6.4536252
1000,40,103,40,12,17,2,34,1,0,0,1,1,1,8,,6.9077554
1424,50,98,41,14,15,4,35,1,0,0,1,1,1,12,12,7.2612252
2668,75,108,41,13,12,2,32,1,0,1,1,1,2,12,12,7.8890843
666,75,129,40,18,8,12,38,1,0,0,0,2,1,18,18,6.5012898
1779,40,132,42,17,8,9,32,1,0,0,1,1,1,17,14,7.4838066
782,40,92,24,13,9,10,31,1,0,0,1,3,3,8,,6.6618547
1572,35,108,39,14,7,5,28,1,1,0,1,1,,12,8,7.3601041
1274,40,106,35,13,11,12,31,1,0,0,1,0,1,15,12,7.1499166
714,35,105,37,16,9,2,29,1,0,0,1,1,2,13,12,6.5708828
1081,40,123,46,18,11,7,36,1,0,0,0,1,1,12,12,6.985642
692,40,108,48,12,21,11,38,1,0,0,1,3,1,8,7,6.5395861
1318,38,122,47,17,10,9,33,1,0,0,1,1,,12,8,7.1838708
1239,45,109,44,12,16,4,38,1,0,0,1,3,3,12,,7.1220598
1027,27,100,40,13,12,15,38,1,0,0,1,3,3,10,9,6.9343972
1748,55,125,50,18,12,12,34,1,0,0,1,1,2,14,15,7.4662275
981,40,122,41,14,9,15,35,0,0,0,1,3,2,12,,6.8885727
770,40,105,34,17,7,11,30,1,0,0,1,3,1,12,12,6.6463904
1154,50,94,37,16,11,5,33,1,0,0,1,1,,12,12,7.0509896
1155,40,102,36,12,16,5,34,1,0,0,1,1,2,12,,7.0518556
808,60,109,47,13,14,12,38,1,0,0,1,2,2,12,10,6.694562
1100,40,105,45,12,22,14,38,1,0,0,1,1,1,12,12,7.0030656
1154,40,134,46,18,10,10,37,1,0,1,1,2,1,12,12,7.0509896
1749,40,108,32,12,13,9,29,0,0,0,1,7,1,12,9,7.4667993
1000,50,104,36,16,11,8,30,1,0,0,1,1,1,12,11,6.9077554
462,40,112,35,12,11,1,29,1,0,0,1,8,3,12,,6.1355648
769,55,120,49,18,8,12,32,0,0,0,1,1,1,11,8,6.6450911
875,50,124,40,16,9,3,31,0,0,0,0,2,2,17,16,6.7742238
1375,40,103,34,12,12,7,29,1,0,0,1,4,2,12,10,7.2262092
1452,45,115,45,17,1,7,30,1,0,0,1,3,1,12,14,7.2806973
800,40,96,33,12,17,12,35,1,0,0,1,1,2,6,8,6.6846118
1748,55,123,48,17,10,7,36,1,0,0,1,1,1,12,12,7.4662275
1151,40,98,34,12,12,12,29,1,0,0,1,3,4,12,8,7.0483866
840,50,96,34,12,18,13,35,1,0,0,1,2,1,12,8,6.7334018
978,45,89,47,12,17,2,38,1,0,0,1,0,1,12,,6.8855095
963,40,109,43,12,15,15,37,0,0,0,0,5,,,7,6.8700533
619,42,93,20,12,10,10,28,0,0,0,1,8,,9,11,6.4281054
442,60,82,32,12,12,0,33,1,0,0,1,2,3,12,9,6.09131
600,40,120,45,15,12,1,38,1,0,0,0,3,4,12,,6.3969297
1366,38,122,38,12,15,15,32,1,0,0,1,1,2,12,,7.2196422
1643,48,117,48,18,8,2,33,1,0,0,1,2,2,12,18,7.4042792
1455,40,109,44,16,8,13,36,1,0,0,1,1,2,8,8,7.2827611
2310,40,114,55,18,12,7,38,1,0,0,1,2,,12,16,7.7450027
1682,45,126,40,16,10,11,31,1,0,0,1,1,1,12,16,7.4277387
1235,40,82,45,12,10,2,33,1,0,0,1,1,1,11,11,7.1188264
855,45,119,45,16,11,4,32,1,0,0,1,3,1,12,9,6.7511015
1072,42,104,37,16,6,8,35,1,0,0,1,2,2,12,6,6.9772816
1040,40,115,49,15,8,15,35,1,0,0,1,3,4,,11,6.9469762
1000,50,97,45,12,17,15,36,1,0,0,1,1,2,12,12,6.9077554
675,40,105,27,15,8,2,31,1,0,0,0,3,,14,12,6.5147128
1100,37,100,32,12,14,1,30,1,0,0,1,1,2,7,7,7.0030656
996,50,114,41,12,5,14,31,1,0,0,1,2,1,12,10,6.9037471
732,40,73,28,10,17,5,36,1,0,0,1,5,6,,,6.5957804
1200,40,96,48,11,15,3,37,1,0,0,1,4,3,8,8,7.0900769
1694,30,113,30,15,9,8,29,0,0,0,1,3,1,12,16,7.4348478
686,55,106,38,10,15,3,36,1,0,1,1,4,5,14,10,6.5308776
754,40,104,37,13,9,5,32,1,0,0,1,1,2,8,,6.6253924
857,35,80,39,10,14,15,33,1,0,0,1,2,1,,12,6.753438
832,50,104,30,13,4,2,30,1,0,0,1,1,2,12,8,6.7238326
579,44,122,36,13,8,1,30,1,0,0,0,4,1,16,16,6.3613024
672,61,96,38,12,13,3,34,1,0,0,1,2,,12,13,6.5102582
2500,40,95,51,15,12,9,36,1,0,0,1,3,1,16,16,7.8240461
1076,45,105,24,12,5,8,31,0,0,0,1,1,1,16,17,6.9810057
750,40,94,18,12,16,3,37,1,1,0,1,7,3,8,8,6.6200733
1186,30,91,41,17,8,9,33,1,0,0,1,1,1,12,14,7.0783415
833,48,96,37,16,9,7,31,1,0,0,1,4,4,12,14,6.7250338
650,40,69,37,12,14,11,30,1,1,0,1,3,4,10,9,6.4769726
1250,46,110,37,12,5,16,38,1,0,0,0,1,1,,12,7.130899
1122,48,111,44,15,12,9,31,1,0,0,1,3,1,9,12,7.0228682
865,40,110,35,16,1,11,31,1,0,0,1,3,1,9,12,6.7627296
808,40,97,37,16,10,7,29,1,0,0,1,3,3,9,12,6.694562
1299,60,125,44,18,6,12,35,0,0,0,1,1,2,8,8,7.1693501
903,40,91,39,12,6,12,36,1,0,0,1,5,4,9,10,6.8057227
900,40,86,28,12,17,15,37,1,0,0,1,5,3,8,10,6.8023949
625,40,110,32,12,18,0,35,1,0,0,1,4,1,9,8,6.4377518
1586,40,92,47,14,16,1,36,1,0,1,1,4,4,12,,7.3689704
962,40,85,41,10,15,16,38,1,0,0,1,1,2,9,12,6.8690143
1539,45,120,36,17,7,8,34,1,0,0,1,1,1,8,8,7.3388882
1110,52,106,42,12,11,6,33,1,0,0,0,5,2,12,12,7.0121155
1282,45,112,41,16,6,6,31,0,0,1,1,2,2,12,12,7.1561766
770,48,91,39,12,13,2,38,1,0,0,1,1,2,10,8,6.6463904
1000,45,90,42,12,16,0,38,1,0,0,1,6,3,10,12,6.9077554
895,40,86,39,9,17,16,38,1,1,0,0,2,,,12,6.7968235
1205,40,86,32,10,13,0,32,1,1,0,1,5,5,8,,7.0942349
750,40,113,27,12,11,10,29,1,0,0,0,1,,12,12,6.6200733
654,50,111,51,13,5,16,38,1,0,0,1,3,3,12,9,6.4831076
601,48,111,30,12,15,3,33,1,0,0,1,0,1,12,12,6.3985949
600,40,106,32,13,10,11,28,1,0,0,1,6,,8,7,6.3969297
433,40,98,28,12,11,10,30,0,0,0,1,1,1,12,11,6.0707378
1188,40,105,28,12,11,7,30,1,0,0,1,3,1,12,10,7.0800266
635,40,105,29,12,15,15,33,1,0,0,0,2,2,10,,6.4536252
1225,40,118,44,13,9,14,32,1,0,0,1,0,1,12,9,7.1106963
1151,45,90,38,12,19,19,36,1,0,0,1,1,1,12,8,7.0483866
865,40,95,34,12,15,11,32,0,0,0,1,3,1,9,8,6.7627296
1031,40,112,24,14,9,5,29,1,0,0,1,4,2,12,12,6.9382844
1049,55,120,39,12,9,11,32,1,0,0,1,3,2,12,10,6.9555926
1000,45,123,41,12,12,1,29,1,0,0,1,3,3,12,10,6.9077554
1105,40,103,32,13,10,11,30,1,0,0,1,1,1,16,15,7.0076008
1924,50,121,40,18,11,7,35,1,0,0,1,3,1,16,18,7.5621614
1346,40,90,44,16,9,16,38,1,0,0,1,1,1,12,12,7.2048926
809,65,125,32,12,11,10,29,1,0,0,1,0,1,12,12,6.6957989
1495,45,109,34,18,10,3,32,1,0,0,1,3,1,9,8,7.3098817
1346,50,128,46,16,10,1,33,0,0,0,0,3,1,10,9,7.2048926
1200,40,97,35,12,10,4,31,1,0,0,1,3,1,12,12,7.0900769
500,40,96,35,12,6,0,33,1,0,1,1,4,4,12,12,6.2146082
1325,45,97,44,12,12,5,28,1,0,0,1,1,2,12,8,7.189168
900,40,78,21,12,16,5,33,1,1,0,1,4,1,7,6,6.8023949
800,40,112,39,12,15,3,34,1,0,0,1,6,4,7,,6.6846118
800,40,88,32,12,16,7,38,1,0,0,1,3,2,2,5,6.6846118
1034,40,97,39,12,15,16,36,1,0,0,1,14,10,14,11,6.9411902
980,40,101,41,12,4,12,36,1,0,0,1,1,,6,9,6.8875527
884,40,106,42,10,19,12,34,1,0,0,1,2,1,7,10,6.7844572
480,40,59,28,10,11,5,34,0,0,0,1,0,1,8,6,6.1737862
923,40,105,54,18,7,14,34,1,0,0,1,1,1,12,12,6.8276291
513,45,119,30,17,8,5,31,0,0,0,1,1,1,12,8,6.2402759
1105,40,93,36,11,17,16,37,0,0,0,1,2,2,8,8,7.0076008
1193,50,82,38,12,19,10,36,1,0,1,1,0,1,12,,7.0842266
2771,50,134,45,18,6,7,34,1,0,0,1,4,3,16,16,7.9269633
779,40,84,29,12,9,6,30,1,0,0,1,0,1,8,12,6.658011
950,60,98,36,11,13,6,31,1,0,0,1,2,1,12,12,6.856462
1394,40,118,41,16,11,8,30,1,0,0,0,2,1,13,12,7.2399325
1495,45,113,50,17,13,9,33,1,0,0,1,3,3,12,8,7.3098817
650,40,100,18,12,4,3,28,1,0,0,1,6,2,9,11,6.4769726
670,40,93,27,13,9,5,29,1,0,0,1,2,,12,12,6.5072775
1126,40,119,30,16,5,8,32,1,0,0,1,1,1,12,10,7.0264268
450,64,67,19,12,11,1,33,0,1,0,1,6,1,11,4,6.1092477
1028,40,111,28,12,19,12,37,1,1,1,1,3,4,12,,6.9353704
2404,50,106,38,15,8,0,32,1,0,0,1,2,1,12,12,7.7848892
1899,40,127,49,18,9,14,36,0,0,0,1,0,1,10,,7.5490828
757,40,113,35,16,10,9,33,1,0,0,1,2,1,12,12,6.6293631
1250,40,115,36,14,9,1,29,1,0,0,1,2,2,12,12,7.130899
1162,48,102,40,16,8,11,31,1,0,0,1,3,2,12,,7.057898
1025,40,85,29,15,9,13,29,1,1,0,1,6,1,14,12,6.9324479
1100,50,117,51,16,11,12,32,1,0,0,0,0,1,12,10,7.0030656
714,35,125,34,16,7,5,28,1,0,0,1,4,1,10,10,6.5708828
1318,35,118,47,16,16,17,37,1,0,0,0,1,1,8,12,7.1838708
1411,45,121,40,18,14,3,38,1,0,0,1,3,2,12,16,7.2520537
2162,40,115,51,17,4,4,38,1,0,0,1,1,1,12,12,7.6787891
1273,55,120,44,14,11,16,36,1,0,0,0,1,1,12,,7.1491318
1140,48,109,43,12,16,15,35,1,0,0,1,2,2,11,6,7.0387836
578,40,109,28,13,7,4,30,0,0,0,1,1,,12,11,6.3595738
942,40,85,36,12,7,10,38,1,0,0,1,4,5,,,6.8480053
1058,40,85,50,12,17,8,38,1,0,0,0,4,1,12,,6.9641356
750,40,106,32,14,9,9,29,1,0,0,1,1,2,11,10,6.6200733
1000,60,101,30,12,11,6,30,1,0,0,1,3,1,10,10,6.9077554
951,60,116,40,12,9,7,30,1,0,0,1,4,5,12,9,6.8575139
635,47,91,24,12,13,2,31,1,0,0,1,2,2,7,7,6.4536252
1250,40,91,28,12,13,1,34,1,0,0,1,3,1,11,5,7.130899
675,40,110,34,12,6,15,34,1,0,0,1,2,1,7,,6.5147128
400,40,75,33,12,11,6,32,1,0,0,1,4,,7,12,5.9914646
577,50,94,17,12,9,8,29,1,0,0,1,2,,12,8,6.3578424
590,40,109,27,13,10,7,29,1,0,0,0,2,2,12,12,6.3801227
923,50,122,38,16,10,10,31,1,0,0,0,1,2,8,8,6.8276291
1250,50,102,26,12,6,2,32,0,0,0,1,4,2,11,8,7.130899
1100,40,122,38,14,11,8,33,1,0,0,1,2,3,8,10,7.0030656
1130,50,105,38,12,18,2,37,1,0,0,1,4,2,10,10,7.029973
652,50,113,37,12,14,4,36,0,0,0,1,1,2,9,9,6.4800444
618,42,104,34,12,6,2,30,1,0,0,1,3,2,8,12,6.4264884
962,50,124,43,16,7,14,34,1,0,0,1,2,2,9,11,6.8690143
529,40,110,31,13,14,11,32,1,0,0,0,1,1,12,8,6.2709885
817,40,95,37,12,16,14,33,1,0,0,0,2,1,12,12,6.7056389
962,40,120,39,16,8,9,32,1,0,0,0,0,1,18,,6.8690143
840,40,105,39,12,19,15,38,1,0,0,0,3,1,12,8,6.7334018
866,40,121,30,16,7,4,28,1,0,0,0,1,,12,12,6.763885
2404,50,96,42,14,1,1,36,1,0,0,1,5,5,8,10,7.7848892
1126,40,110,26,12,16,2,32,1,0,0,1,6,1,9,12,7.0264268
1160,40,92,32,12,8,8,31,1,0,0,0,4,1,12,11,7.0561752
723,40,98,34,12,15,5,38,1,0,0,1,1,1,9,,6.5834093
1778,40,109,43,16,14,13,36,1,0,0,1,0,1,11,12,7.4832444
1903,48,118,44,18,13,5,36,1,0,0,0,0,1,11,11,7.551187
1010,40,97,42,18,7,14,34,1,0,0,1,4,5,14,,6.9177055
971,40,95,42,17,5,11,37,1,0,0,1,1,2,16,8,6.8783264
525,40,99,40,12,9,2,34,1,0,0,1,2,1,10,8,6.2633982
525,40,106,31,12,12,13,30,1,0,0,0,1,1,10,12,6.2633982
670,45,117,33,12,10,3,30,1,0,0,0,5,2,12,,6.5072775
500,45,90,47,12,19,4,37,1,0,0,0,0,1,12,6,6.2146082
1058,45,98,45,14,14,15,34,1,0,0,0,2,3,,,6.9641356
550,46,95,44,12,18,15,35,1,0,0,1,1,1,12,11,6.3099184
500,45,115,43,12,14,1,32,1,0,0,1,1,2,12,11,6.2146082
727,55,106,40,15,10,5,31,0,0,0,1,1,,12,12,6.5889263
865,40,114,26,12,6,8,30,1,0,0,0,2,3,8,8,6.7627296
1081,40,92,34,13,8,2,30,1,0,1,1,3,4,12,10,6.985642
1304,45,119,36,17,9,9,31,1,0,0,0,1,1,13,12,7.1731915
575,40,85,32,13,6,1,30,1,0,0,0,1,2,13,12,6.3543701
623,45,98,34,16,7,1,30,1,0,0,0,3,1,12,12,6.4345465
515,45,114,30,13,8,10,28,1,0,0,0,3,2,12,12,6.2441669
1273,55,84,42,18,14,4,37,1,0,0,1,1,1,8,12,7.1491318
990,40,108,42,13,13,9,33,1,0,0,0,4,1,16,16,6.8977051
600,40,107,32,12,16,6,33,1,0,0,0,5,6,8,4,6.3969297
1160,40,84,35,12,17,2,38,1,0,0,0,4,2,16,12,7.0561752
500,55,86,22,12,11,9,29,1,0,0,0,5,5,10,12,6.2146082
795,45,88,27,12,17,18,35,1,0,0,0,2,2,10,12,6.6783423
500,50,97,34,11,20,3,37,1,0,0,0,2,1,,,6.2146082
740,50,84,31,10,23,13,38,1,0,0,0,5,1,,9,6.6066504
1250,40,117,45,16,10,7,33,1,0,0,1,1,1,12,14,7.130899
1014,55,110,42,16,13,9,30,0,0,0,1,1,2,12,14,6.921658
1250,32,104,32,13,13,3,33,1,0,0,1,3,3,9,,7.130899
913,40,110,26,14,4,13,29,1,0,0,1,3,4,9,,6.8167357
1346,40,99,33,16,9,8,30,1,0,0,1,2,,11,12,7.2048926
445,40,80,31,10,19,0,38,1,0,0,0,5,5,,,6.0980744
265,40,101,43,12,18,2,37,1,0,0,1,1,2,,,5.57973
1250,40,117,31,14,7,1,28,1,0,0,1,1,2,12,12,7.130899
1607,56,108,41,13,7,9,36,1,0,0,1,2,1,,,7.3821244
1452,35,69,33,16,12,15,38,1,1,0,1,7,6,10,10,7.2806973
1391,50,109,38,12,14,8,32,1,1,1,1,1,2,11,9,7.2377782
821,45,85,39,16,8,2,32,1,0,0,1,5,6,8,8,6.7105231
794,40,114,36,16,9,7,29,1,0,0,1,1,2,11,9,6.6770835
500,30,90,46,13,10,1,38,1,0,0,0,4,3,,,6.2146082
520,50,107,30,18,6,3,29,1,0,0,0,10,1,12,14,6.253829
1730,50,117,41,18,12,12,37,1,0,0,1,1,2,12,8,7.4558768
1924,50,112,47,18,9,10,38,1,0,0,1,6,1,16,18,7.5621614
1155,60,106,46,18,10,2,37,1,0,0,1,3,3,14,18,7.0518556
2162,40,116,38,15,9,4,31,1,0,0,1,2,1,12,17,7.6787891
923,50,123,44,14,8,7,31,1,0,0,1,1,2,8,,6.8276291
1115,40,118,40,16,12,13,33,1,0,0,1,1,1,8,,7.0166097
449,36,91,20,12,7,2,30,0,0,0,1,1,,,,6.1070228
1500,40,103,29,12,10,11,34,1,0,0,1,2,3,12,7,7.3132205
826,40,114,40,14,20,3,37,1,0,0,1,4,4,8,6,6.7165947
937,40,102,36,12,16,8,35,1,0,0,1,3,2,12,6,6.8426833
978,48,104,36,12,19,15,36,1,0,0,1,5,6,6,,6.8855095
1031,40,112,43,14,14,12,33,0,0,0,1,6,6,14,12,6.9382844
1272,40,107,39,12,10,1,30,1,0,0,1,4,3,12,12,7.1483459
1136,50,117,36,14,16,12,34,1,0,1,1,2,3,12,12,7.0352688
800,45,110,36,12,19,12,36,1,0,0,1,7,8,,,6.6846118
1339,38,96,42,12,8,9,33,1,0,0,1,0,1,12,11,7.1996784
1063,40,90,38,12,14,12,32,1,1,0,1,2,2,8,12,6.9688506
935,44,97,27,12,10,6,29,1,0,0,1,2,2,8,7,6.8405466
808,40,99,40,12,18,13,38,1,1,0,1,0,1,9,8,6.694562
375,40,99,29,10,12,2,30,1,0,1,0,3,2,8,5,5.9269261
537,40,97,32,12,14,8,31,0,1,0,1,2,1,11,,6.2859979
1082,55,95,40,12,11,4,29,1,1,0,1,2,2,11,,6.9865665
930,40,126,44,14,10,1,31,0,0,0,1,3,,8,,6.8351846
1155,40,109,49,17,13,4,38,1,0,0,0,3,3,12,8,7.0518556
548,40,86,22,11,7,0,33,1,1,0,1,5,2,11,,6.3062754
622,45,119,48,16,12,1,33,1,0,0,1,0,1,12,12,6.43294
841,40,102,38,16,10,1,29,1,0,0,1,3,1,12,12,6.7345915
769,55,105,45,18,7,15,38,0,0,0,1,2,3,9,5,6.6450911
587,38,117,40,17,8,5,29,1,0,0,0,3,3,12,,6.3750248
1924,45,112,40,16,17,18,38,1,0,0,1,1,1,12,12,7.5621614
1058,40,89,28,12,7,3,29,1,0,0,1,2,,8,6,6.9641356
417,48,131,39,12,7,1,28,0,0,0,1,1,2,12,6,6.0330863
1202,48,114,28,16,6,6,28,1,0,0,1,3,3,16,16,7.091742
1154,40,98,35,14,18,2,37,1,0,0,1,1,,10,14,7.0509896
1070,40,124,41,13,4,9,32,1,0,0,1,0,1,,,6.9754138
1202,40,125,30,14,10,11,29,1,0,0,1,2,3,12,12,7.091742
711,45,100,38,18,13,3,36,1,0,0,1,1,,10,16,6.5666723
1202,40,84,21,14,6,5,31,1,1,0,1,2,1,11,9,7.091742
850,43,113,26,12,7,3,28,1,0,0,1,1,2,8,12,6.7452364
1000,40,102,46,16,13,11,35,1,0,0,1,6,2,10,12,6.9077554
490,49,82,33,18,7,8,31,0,0,0,1,2,,12,9,6.1944056
1000,40,112,47,14,15,4,35,1,0,0,1,4,1,12,10,6.9077554
865,40,111,38,16,11,4,31,1,0,1,1,4,5,8,5,6.7627296
1375,40,96,24,13,3,3,30,1,0,0,1,3,1,11,8,7.2262092
1586,40,127,48,16,16,12,37,1,0,0,1,4,4,16,16,7.3689704
1602,65,97,47,15,14,14,37,1,0,0,1,1,1,8,,7.3790083
3078,65,120,50,14,12,13,36,1,0,1,1,1,2,12,,8.0320349
898,40,101,41,16,7,9,35,0,0,0,1,3,4,16,14,6.8001699
906,40,120,40,14,16,2,37,1,0,0,1,5,1,12,12,6.8090391
952,40,99,34,13,10,10,31,1,1,0,1,1,1,8,10,6.8585649
571,40,78,33,13,10,1,29,0,1,0,1,5,5,8,9,6.3473892
445,45,110,23,12,15,13,32,0,0,0,1,2,2,5,11,6.0980744
289,40,94,35,12,9,0,30,1,0,0,1,2,3,5,11,5.6664267
1444,40,120,50,16,12,15,37,1,0,0,1,1,2,17,13,7.2751722
962,55,108,45,12,19,21,36,1,0,0,1,3,1,8,8,6.8690143
1075,40,103,31,12,17,10,33,1,0,0,1,13,3,11,11,6.9800758
909,55,97,39,11,17,5,35,1,0,0,1,7,3,,,6.812345
1250,40,106,36,12,14,19,35,1,0,0,1,4,1,11,13,7.130899
620,40,99,22,11,10,5,29,1,1,0,1,11,5,,,6.4297194
1016,40,72,18,10,14,15,37,1,1,0,1,8,9,11,,6.9236288
800,40,88,29,10,21,14,37,1,1,0,1,8,1,11,8,6.6846118
1050,40,119,37,16,7,18,37,0,0,0,1,2,2,12,13,6.9565454
1079,50,87,33,12,18,9,36,1,0,0,1,5,5,8,,6.9837899
654,50,121,49,17,12,13,34,1,0,0,1,1,2,11,12,6.4831076
781,50,112,33,12,8,10,30,1,0,0,1,2,2,12,8,6.6605749
1038,48,103,36,15,8,2,36,1,0,1,0,2,1,12,15,6.9450512
1924,50,99,48,16,16,14,37,1,0,0,1,0,1,16,18,7.5621614
1202,40,101,40,15,15,17,37,1,0,0,1,3,2,12,12,7.091742
666,70,117,34,15,8,2,32,1,0,0,1,0,1,,,6.5012898
905,45,109,41,14,11,14,36,1,0,0,1,3,4,8,8,6.8079348
890,70,73,46,12,6,8,31,1,0,0,1,3,1,12,12,6.7912216
817,40,116,27,16,10,7,31,1,0,1,0,1,2,16,16,6.7056389
812,40,98,42,12,10,2,29,0,0,0,1,3,2,12,12,6.6995006
577,60,104,43,14,6,2,30,1,0,1,1,2,3,14,12,6.3578424
756,40,78,29,14,9,2,31,1,0,0,1,2,2,12,12,6.6280413
1011,40,104,43,12,20,7,37,1,0,1,1,0,1,,,6.9186954
1155,45,85,39,12,14,1,34,1,0,0,1,2,1,12,12,7.0518556
1025,40,104,25,12,12,7,29,1,0,0,1,3,4,12,10,6.9324479
1350,40,107,37,12,17,12,35,1,0,0,0,2,3,,,7.20786
1001,40,109,48,12,20,22,37,1,0,0,1,1,1,8,10,6.9087548
796,48,119,31,13,16,15,37,1,1,0,1,7,1,11,,6.6795993
1230,50,96,33,13,11,12,30,1,0,0,1,3,2,10,11,7.1147695
754,40,93,31,12,13,1,30,1,0,0,1,5,,,,6.6253924
714,40,90,32,12,17,1,37,1,0,0,0,5,3,12,12,6.5708828
1000,45,103,29,15,8,3,32,1,0,0,1,3,4,12,,6.9077554
2067,40,106,41,16,12,13,33,1,0,1,1,2,1,14,12,7.6338534
912,40,96,32,16,11,5,30,1,0,0,1,2,2,14,12,6.81564
600,40,114,39,12,8,5,30,1,0,1,1,6,3,8,8,6.3969297
951,40,86,33,11,13,1,31,1,0,0,1,3,4,9,,6.8575139
711,45,110,38,16,8,5,32,1,0,1,1,3,2,13,12,6.5666723
1151,48,87,41,12,18,9,38,1,0,0,1,2,1,12,12,7.0483866
1000,40,89,31,12,9,5,28,1,0,0,1,2,3,13,12,6.9077554
841,44,106,40,12,15,10,31,1,0,0,1,5,6,8,,6.7345915
400,70,100,43,12,12,3,32,1,0,0,1,3,2,5,8,5.9914646
1175,45,111,38,12,17,14,34,1,0,0,1,0,1,16,4,7.0690236
1202,40,100,40,12,18,2,37,1,0,0,1,0,1,12,12,7.091742
1442,40,114,38,12,16,17,33,1,0,0,1,2,3,12,10,7.2737865
538,55,98,45,18,5,1,34,1,0,0,1,2,2,13,,6.2878585
781,40,89,24,11,13,10,30,1,0,0,1,3,1,9,8,6.6605749
750,60,74,23,10,13,9,30,1,0,0,1,4,2,11,9,6.6200733
841,48,110,37,18,13,1,37,0,1,0,1,1,1,12,12,6.7345915
700,50,130,29,13,14,1,38,1,0,0,1,1,2,11,14,6.5510802
1346,50,108,51,16,9,4,36,1,0,0,1,1,2,12,10,7.2048926
800,45,98,31,12,16,12,33,1,0,0,0,3,4,10,8,6.6846118
1250,40,125,27,16,9,10,30,1,0,0,1,3,1,16,,7.130899
1105,40,104,29,16,5,8,29,1,0,0,1,3,1,12,12,7.0076008
475,52,98,33,14,12,1,30,0,0,0,1,6,1,8,10,6.1633148
762,58,104,37,15,6,4,33,1,0,0,0,2,1,11,12,6.6359468
962,40,120,33,12,18,19,36,1,0,0,1,3,,8,8,6.8690143
721,40,134,38,13,9,9,30,0,0,1,1,3,3,8,8,6.5806394
800,50,92,28,9,18,13,34,1,0,0,1,0,1,8,8,6.6846118
658,40,129,34,16,11,9,30,1,0,0,1,2,1,13,16,6.4892049
1270,40,118,42,14,4,16,36,1,0,0,1,2,1,12,12,7.1467724
1313,40,107,37,12,11,7,28,1,0,0,0,1,,12,,7.1800699
824,42,92,37,12,19,15,38,1,0,0,1,1,1,12,11,6.7141705
1442,40,118,33,16,6,7,29,1,0,0,1,2,1,16,12,7.2737865
1400,42,108,38,17,7,3,31,1,0,0,1,2,1,12,14,7.2442274
1038,50,119,42,12,20,5,36,1,0,0,0,3,3,12,8,6.9450512
668,43,109,29,12,11,12,29,1,0,0,0,2,3,8,7,6.5042882
1100,40,91,41,12,18,10,36,1,0,0,0,2,3,8,8,7.0030656
1000,45,118,38,14,9,7,30,1,0,0,1,3,1,12,10,6.9077554
523,43,119,37,13,9,2,30,1,0,0,0,4,1,14,,6.2595816
1111,40,103,33,14,13,13,31,1,0,0,0,6,3,14,12,7.0130157
962,40,120,25,16,6,4,28,1,0,0,0,4,3,12,8,6.8690143
729,47,122,40,18,6,13,34,1,0,0,1,3,3,8,6,6.5916739
690,40,119,35,12,9,5,28,1,0,0,1,1,2,8,,6.5366917
1010,50,104,37,11,15,7,38,1,0,0,0,6,1,9,6,6.9177055
600,40,96,22,11,7,2,29,1,0,1,1,4,3,8,8,6.3969297
596,40,83,36,12,16,17,34,1,0,0,0,3,3,8,8,6.3902407
850,44,115,37,12,11,1,29,1,0,0,1,3,2,,,6.7452364
670,40,88,27,12,9,2,29,1,0,0,1,7,3,10,8,6.5072775
793,40,96,43,12,17,18,36,1,0,0,0,4,5,8,8,6.6758232
1442,40,123,42,17,14,7,38,1,0,1,0,2,3,12,6,7.2737865
670,50,108,43,12,14,8,34,1,0,1,1,5,1,11,7,6.5072775
876,45,116,35,16,10,8,29,1,0,0,1,2,1,12,12,6.7753663
841,40,109,45,18,13,2,36,1,0,0,0,3,4,16,12,6.7345915
975,40,97,39,13,8,0,31,1,0,0,1,3,1,12,12,6.8824377
1223,40,107,34,12,7,3,28,1,0,0,0,1,1,12,10,7.1090622
910,30,95,27,12,16,5,35,1,0,1,1,2,3,12,14,6.8134446
533,45,109,31,15,8,2,30,1,0,0,1,2,2,15,12,6.2785215
750,40,104,36,12,15,11,33,1,0,0,0,0,1,12,12,6.6200733
1206,40,110,37,12,16,4,38,1,0,0,1,1,1,12,12,7.0950642
745,40,94,40,13,17,1,36,0,0,0,0,2,3,13,8,6.6133842
900,40,103,38,12,15,1,37,1,0,1,0,3,3,8,6,6.8023949
1170,47,123,45,14,9,14,32,1,0,0,1,3,4,8,12,7.0647593
540,50,113,33,12,12,3,31,1,0,0,0,5,4,6,12,6.2915692
550,40,110,35,16,15,1,38,1,0,0,0,2,1,,,6.3099184
615,40,100,31,14,9,4,30,1,0,0,0,3,3,12,12,6.4216223
909,40,95,39,13,6,2,31,1,0,0,1,2,1,12,12,6.812345
769,40,100,34,12,18,12,36,1,0,0,0,1,2,8,8,6.6450911
984,40,108,39,13,17,18,37,1,0,0,1,4,1,15,8,6.8916259
833,60,101,47,12,15,12,37,1,0,0,1,5,2,12,,6.7250338
879,70,90,43,12,17,10,35,0,0,0,1,1,2,12,16,6.7787848
1027,45,115,41,12,16,7,35,1,0,0,1,4,3,8,5,6.9343972
1000,55,114,41,16,10,1,33,1,0,1,0,0,1,,,6.9077554
465,43,84,33,13,10,1,29,1,0,0,1,3,3,11,11,6.1420374
1100,40,92,37,13,21,12,38,1,1,0,1,6,6,12,,7.0030656
641,45,125,44,14,9,0,37,1,0,0,1,1,1,12,11,6.4630294
1035,48,107,42,12,21,14,38,1,0,0,1,1,2,11,8,6.9421568
1212,40,129,33,14,9,3,32,0,0,0,1,6,7,8,9,7.1000271
950,40,98,40,12,11,6,30,1,0,0,1,3,4,12,12,6.856462
938,44,108,41,12,19,20,38,1,0,0,1,0,1,8,,6.84375
1250,40,114,37,16,8,8,30,1,0,0,1,5,3,2,8,7.130899
586,60,111,37,18,6,10,34,1,0,0,0,3,1,12,11,6.3733196
693,53,101,29,12,7,6,28,1,0,0,0,1,2,12,12,6.5410299
562,40,99,25,12,18,12,34,0,0,0,0,1,1,12,12,6.331502
375,60,75,24,12,12,5,30,0,0,0,0,4,1,12,8,5.9269261
673,40,91,29,12,7,11,38,1,0,0,0,0,1,6,,6.5117455
654,50,113,38,17,1,13,33,1,0,0,0,1,1,12,10,6.4831076
692,50,120,34,12,17,7,35,1,0,0,0,3,4,8,,6.5395861
1111,40,98,32,14,10,1,29,1,0,0,1,3,1,12,15,7.0130157
1368,45,107,31,16,11,1,33,1,0,1,1,2,2,16,16,7.2211051
1282,45,121,39,18,7,13,32,1,0,0,1,2,2,12,12,7.1561766
1250,60,115,40,11,19,4,38,1,0,0,1,1,2,,,7.130899
1346,40,134,42,15,15,7,35,1,0,0,1,2,1,12,10,7.2048926
1424,50,96,47,17,15,12,37,1,0,0,1,2,3,,,7.2612252
854,48,120,38,16,8,5,29,0,0,0,1,2,3,12,16,6.7499313
888,50,105,36,15,9,5,32,0,0,0,1,2,2,12,10,6.7889719
1161,50,121,40,12,5,10,34,1,0,0,1,5,6,10,,7.0570369
583,58,113,29,16,9,0,30,1,0,0,1,2,2,12,9,6.368187
1260,45,106,37,12,5,3,29,1,0,0,1,2,1,12,13,7.1388669
947,48,104,41,18,8,13,35,1,0,0,0,3,2,9,12,6.8532991
1850,40,80,23,11,14,15,33,1,0,0,1,3,,10,10,7.5229411
1575,40,117,28,12,13,2,30,1,0,0,1,3,3,10,10,7.3620105
758,38,126,42,16,10,8,28,0,0,0,1,2,2,12,12,6.6306834
1442,40,112,42,12,19,15,36,1,0,0,1,3,2,10,8,7.2737865
489,55,104,47,13,20,4,38,1,0,1,1,2,2,,,6.1923623
1126,40,116,33,12,5,0,31,1,1,0,1,9,5,9,10,7.0264268
1000,40,70,18,12,12,5,32,0,1,0,1,6,,8,8,6.9077554
500,70,83,20,12,13,11,32,1,0,0,1,5,1,6,6,6.2146082
1200,50,84,13,12,13,9,32,1,0,0,1,5,2,6,6,7.0900769
565,45,82,30,10,15,3,33,1,0,0,0,4,4,,,6.3368258
1920,40,109,32,12,13,2,31,1,0,0,0,0,1,12,8,7.5600805
684,45,111,25,14,7,7,29,1,0,0,1,4,1,12,12,6.5279579
774,40,94,33,12,20,4,37,1,0,0,0,1,1,12,7,6.6515718
233,60,96,32,16,7,4,30,1,0,0,0,3,,12,8,5.4510384
975,40,101,33,13,12,10,30,1,0,0,0,3,3,12,13,6.8824377
1366,40,90,35,12,13,1,30,1,0,0,1,3,3,12,12,7.2196422
2137,40,120,48,16,16,3,37,1,0,1,1,3,3,12,12,7.6671581
700,40,120,38,16,10,1,29,1,0,1,1,1,1,12,12,6.5510802
1200,40,108,29,12,16,11,33,1,0,0,1,3,2,8,,7.0900769
1161,40,99,43,13,16,18,36,1,0,0,1,0,1,12,8,7.0570369
729,60,80,31,11,16,15,34,1,0,0,1,6,1,12,6,6.5916739
750,45,93,45,11,17,2,36,1,0,0,1,1,2,10,5,6.6200733
1026,45,85,46,12,4,16,38,1,0,0,1,1,2,,,6.933423
1111,45,118,43,15,11,3,32,1,0,0,1,3,1,11,10,7.0130157
625,50,115,31,12,12,8,31,1,0,0,1,2,3,12,,6.4377518
1200,42,119,28,16,11,5,30,1,0,0,1,5,1,10,11,7.0900769
1541,40,94,39,12,8,1,32,1,0,0,1,8,3,12,11,7.3401871
1154,40,109,42,16,12,9,34,1,0,0,1,0,1,13,16,7.0509896
310,40,104,37,13,10,0,33,0,0,0,0,2,1,14,8,5.7365723
610,50,89,21,12,14,4,30,1,0,0,0,1,2,7,6,6.4134588
1749,43,101,28,12,16,17,36,1,0,0,0,2,2,12,8,7.4667993
1000,40,96,34,16,9,1,31,0,0,1,1,4,2,12,7,6.9077554
350,40,109,48,12,14,1,36,1,0,0,0,1,1,9,7,5.857933
765,45,94,38,12,17,18,37,1,0,0,0,10,6,4,6,6.6398759
790,40,115,34,12,15,2,34,1,0,0,0,6,5,6,5,6.6720328
818,47,92,41,12,16,17,38,1,0,0,0,12,1,8,4,6.7068624
477,60,71,32,9,12,1,30,1,0,0,0,4,2,11,5,6.1675167
938,50,130,39,14,15,1,33,1,0,0,0,3,1,12,11,6.84375
2099,55,119,38,16,10,4,32,1,0,0,1,0,1,12,12,7.6492162
350,40,74,24,12,14,3,32,1,0,0,1,4,2,10,13,5.857933
940,48,104,25,12,13,0,32,1,1,0,1,7,2,12,8,6.84588
1202,40,124,23,15,11,8,28,1,0,0,1,2,2,10,,7.091742
450,40,94,29,15,9,4,31,1,0,0,0,1,1,12,,6.1092477
1058,40,120,44,16,16,13,37,1,0,0,0,5,4,12,4,6.9641356
1000,40,96,40,11,15,15,37,1,0,0,1,5,5,8,9,6.9077554
318,40,67,35,12,16,5,36,1,1,1,1,6,,7,5,5.7620516
556,40,69,26,11,13,9,34,0,1,0,1,3,,8,8,6.3207684
958,60,98,42,12,11,9,28,1,0,0,1,0,1,12,11,6.8648477
995,40,92,23,9,22,13,38,1,1,0,1,7,3,7,4,6.9027429
1600,50,109,44,14,16,5,33,1,0,0,0,2,,9,10,7.377759
606,45,100,39,18,6,5,30,0,0,0,0,1,,12,12,6.4068799
511,45,101,25,12,13,1,30,1,0,0,1,4,2,11,12,6.2363696
1411,45,111,40,16,11,12,32,1,0,1,1,1,1,12,9,7.2520537
1346,40,106,38,16,15,11,37,1,0,0,1,1,1,8,14,7.2048926
1522,46,102,37,12,15,16,37,1,0,0,0,3,2,12,10,7.3277807
1075,40,115,28,14,9,10,30,1,0,0,0,2,1,12,10,6.9800758
1200,50,99,37,12,11,11,28,1,0,0,1,5,4,10,8,7.0900769
1377,37,118,48,16,15,1,36,1,0,0,1,2,2,11,10,7.2276626
874,55,132,37,13,8,2,33,1,0,0,0,2,1,13,16,6.7730803
625,40,108,26,13,11,9,30,1,0,0,1,3,,12,16,6.4377518
1250,32,98,40,12,17,2,33,1,0,0,1,0,1,14,10,7.130899
1082,40,111,44,13,20,12,36,1,0,0,1,4,2,8,11,6.9865665
693,40,79,36,11,18,3,38,1,0,0,0,3,2,8,8,6.5410299
727,55,97,29,12,11,11,31,1,0,0,0,3,1,12,11,6.5889263
615,50,99,49,15,16,15,38,1,0,0,0,2,3,12,14,6.4216223
913,40,101,33,16,5,7,31,1,0,0,1,2,3,12,,6.8167357
884,46,120,45,17,4,10,36,1,0,0,0,2,1,12,18,6.7844572
698,43,97,33,12,10,4,29,1,0,0,1,2,3,8,8,6.5482192
800,55,106,34,12,17,18,36,1,0,0,0,3,3,8,12,6.6846118
812,40,131,44,16,9,3,30,0,0,0,0,1,1,12,12,6.6995006
1000,40,93,32,11,16,14,34,1,0,0,1,1,,12,8,6.9077554
549,49,79,23,12,11,3,32,0,0,0,0,4,2,8,8,6.3080983
1300,35,100,38,12,13,15,31,1,0,0,1,4,2,11,,7.1701198
923,50,107,30,16,9,8,33,1,0,0,1,6,4,9,8,6.8276291
1539,40,112,42,12,15,15,32,1,0,0,0,3,1,,10,7.3388882
721,40,105,22,12,11,9,30,1,0,0,0,3,2,12,10,6.5806394
815,40,114,25,12,15,14,31,1,0,0,0,2,1,12,10,6.7031879
600,80,116,36,12,20,2,38,1,0,0,0,10,10,8,,6.3969297
1100,40,104,41,12,18,7,37,1,0,0,1,2,3,11,13,7.0030656
1058,40,85,48,12,18,19,35,1,0,0,1,2,1,9,12,6.9641356
962,40,93,46,12,15,1,30,1,0,0,1,2,2,9,12,6.8690143
433,50,100,40,12,5,9,37,1,0,0,0,2,2,8,7,6.0707378
940,40,71,20,11,9,2,29,1,0,0,0,2,3,,,6.84588
1417,38,88,36,16,9,10,32,0,0,0,1,2,1,12,12,7.2562971
1000,65,93,32,12,11,9,29,1,0,0,1,7,1,12,8,6.9077554
500,40,98,26,13,14,5,32,1,0,0,0,3,4,12,8,6.2146082
800,50,110,35,14,8,5,28,1,0,0,1,3,4,12,10,6.6846118
766,40,109,31,12,17,18,35,1,0,0,0,4,3,,6,6.6411819
750,43,94,38,14,12,10,33,1,0,0,0,1,1,11,12,6.6200733
550,40,77,36,12,15,2,37,1,0,0,0,6,3,8,8,6.3099184
795,52,89,35,11,16,4,34,1,0,0,1,6,1,,,6.6783423
723,40,102,44,12,12,10,30,1,0,0,1,10,6,12,6,6.5834093
1039,40,113,49,14,12,8,34,1,0,0,1,1,2,16,14,6.9460139
200,55,103,38,10,11,15,32,1,0,1,1,3,2,12,5,5.2983174
400,40,90,36,10,12,1,32,1,1,0,1,5,3,8,,5.9914646
575,40,96,31,11,17,1,35,1,0,1,1,2,1,12,7,6.3543701
850,40,97,35,11,16,5,37,1,0,1,1,1,1,12,6,6.7452364
508,50,87,35,12,16,1,32,1,1,1,1,2,1,10,,6.2304816
1162,45,89,39,12,11,4,37,1,0,1,1,3,3,15,,7.057898
1199,43,70,28,13,13,5,30,1,1,1,1,3,1,8,,7.0892429
1270,40,104,34,16,8,4,31,1,0,1,1,3,4,16,17,7.1467724
350,45,116,36,16,5,3,33,1,0,1,1,2,2,11,12,5.857933
963,40,85,32,14,9,9,28,1,1,1,1,5,1,7,,6.8700533
1463,45,104,47,15,14,11,37,1,0,1,1,3,4,12,12,7.2882442
802,40,99,26,12,13,12,29,1,1,1,1,8,6,9,12,6.6871085
642,45,93,18,12,12,7,30,1,1,1,1,1,2,6,6,6.4645882
751,40,114,37,13,9,2,28,1,0,1,1,2,2,12,10,6.6214056
488,40,103,40,17,5,3,31,1,0,1,1,1,,12,16,6.1903152
1400,40,92,34,12,15,5,36,1,0,1,1,2,1,6,2,7.2442274
940,45,98,41,18,10,7,31,1,0,1,1,2,2,8,12,6.84588
866,40,114,48,13,15,16,37,1,0,1,1,3,1,12,,6.763885
675,40,77,42,12,20,4,38,1,1,1,1,5,2,12,6,6.5147128
375,40,89,24,14,9,3,30,1,1,1,1,3,1,13,,5.9269261
325,40,93,44,14,10,1,33,1,1,1,1,1,,16,,5.7838254
346,40,110,37,12,16,17,38,1,0,1,1,2,,12,5,5.8464389
1442,40,132,39,17,8,1,33,1,0,1,1,3,1,8,12,7.2737865
560,49,112,37,16,13,2,32,1,0,1,0,3,1,8,2,6.3279366
550,56,99,42,12,17,11,36,1,0,1,1,1,2,12,12,6.3099184
950,44,96,26,16,8,10,32,1,1,1,1,1,2,10,,6.856462
684,45,106,45,13,16,2,38,1,0,1,1,1,1,12,14,6.5279579
1322,40,128,43,16,7,1,33,1,0,1,1,0,1,18,,7.1869011
1634,40,95,48,12,18,3,38,1,0,1,1,3,3,,3,7.3987861
417,40,80,30,12,8,0,30,0,0,1,1,3,4,8,7,6.0330863
472,45,71,24,11,9,0,32,1,0,1,1,13,6,6,6,6.1569791
666,50,89,28,12,16,1,34,1,1,1,1,6,1,9,,6.5012898
1679,55,127,45,18,10,3,32,1,0,1,1,1,2,12,16,7.4259539
1039,40,114,43,16,1,9,31,0,0,1,1,6,5,8,8,6.9460139
1250,40,102,30,13,13,11,30,1,0,1,1,5,6,7,,7.130899
760,40,88,34,12,12,15,31,1,0,1,1,2,1,12,7,6.6333184
1154,42,88,32,12,14,12,29,1,0,1,1,2,2,12,7,7.0509896
1602,60,110,45,15,14,1,37,1,0,0,1,5,1,14,12,7.3790083
1442,40,110,40,13,13,13,29,1,1,1,1,1,2,7,9,7.2737865
865,40,130,39,16,5,3,30,1,0,0,1,4,2,8,12,6.7627296
705,50,100,44,12,15,12,36,1,0,1,1,1,2,,,6.558198
1000,40,101,36,12,16,1,35,1,0,1,1,1,1,12,,6.9077554
852,44,89,36,10,13,9,32,1,0,1,1,6,7,9,,6.7475867
770,40,80,25,12,16,14,35,1,0,0,1,1,2,12,12,6.6463904
1000,40,72,20,12,16,9,34,1,0,0,1,3,4,12,12,6.9077554
1329,55,115,56,18,10,5,36,1,0,0,1,1,1,12,12,7.1921821
1682,40,115,48,16,10,4,37,1,0,1,1,1,2,12,17,7.4277387
577,55,108,47,16,4,0,31,1,1,1,1,2,2,8,8,6.3578424
685,40,93,27,12,17,7,38,0,0,1,1,6,6,8,3,6.5294189
577,40,111,37,16,8,8,29,0,1,1,1,1,1,18,18,6.3578424
1040,40,101,38,12,19,9,38,1,1,1,1,6,1,11,12,6.9469762
1250,40,92,42,16,10,11,32,0,0,1,1,1,1,12,10,7.130899
600,40,115,40,13,7,7,28,0,0,1,1,4,5,5,,6.3969297
480,40,76,29,12,17,3,35,0,1,1,1,8,5,11,10,6.1737862
1000,40,93,26,11,11,0,29,1,0,1,1,5,3,12,12,6.9077554
988,48,91,39,12,15,15,36,1,0,1,1,1,2,8,8,6.8956828
478,45,90,35,10,19,10,34,1,0,1,1,2,1,9,9,6.1696105
440,40,84,23,12,11,2,30,1,1,1,1,5,3,9,4,6.0867748
485,40,120,43,12,11,1,30,1,1,1,1,6,6,,,6.1841488
705,40,89,32,9,19,0,36,1,1,1,1,0,1,,,6.558198
1550,40,104,47,12,16,1,34,1,0,1,0,8,4,9,10,7.3460102
960,40,107,23,12,11,9,29,1,1,1,1,11,2,6,9,6.8669333
1000,40,100,42,12,16,14,32,1,0,1,1,2,3,12,12,6.9077554
625,40,129,40,18,4,5,36,1,0,1,0,3,1,15,15,6.4377518
1346,40,112,39,16,14,14,35,1,0,0,1,0,1,12,16,7.2048926
961,40,76,17,12,13,13,31,0,1,0,1,13,5,,8,6.8679743
479,40,97,45,12,15,1,38,1,0,1,0,3,4,,,6.1717005
1201,50,98,38,11,17,16,36,1,0,1,0,4,5,11,2,7.09091
1346,45,60,34,16,8,2,31,1,0,1,1,2,3,,,7.2048926
1122,35,132,45,18,13,8,32,1,0,1,1,2,3,12,7,7.0228682
543,45,90,31,14,5,7,38,1,1,1,1,1,2,6,,6.2971091
450,40,63,26,11,12,4,31,1,1,1,1,7,2,7,,6.1092477
507,55,110,36,14,10,4,32,1,0,1,1,2,2,13,16,6.2285109
547,60,88,38,11,17,5,34,1,0,1,1,4,5,,,6.3044486
586,56,98,41,11,18,16,35,1,0,1,1,2,2,,6,6.3733196
462,55,61,24,12,6,4,29,1,1,1,0,9,,8,3,6.1355648
705,40,76,32,12,13,8,37,1,1,0,1,5,,,,6.558198
1566,40,127,44,12,7,1,29,1,0,0,1,3,2,11,,7.3562799
1634,40,94,39,13,18,18,36,1,0,1,1,2,2,8,8,7.3987861
1282,45,97,48,16,4,1,32,1,0,0,1,11,3,16,16,7.1561766
556,40,127,44,16,6,2,31,1,1,1,1,2,1,12,12,6.3207684
1200,40,109,42,15,7,8,33,1,0,0,1,2,1,11,12,7.0900769
855,45,89,21,12,6,6,31,1,0,1,0,4,3,3,3,6.7511015
1053,40,90,33,12,18,7,37,1,0,1,0,1,1,11,11,6.9593987
1000,48,105,39,12,11,4,28,1,0,1,0,0,1,12,7,6.9077554
900,55,100,27,12,18,5,34,0,0,0,1,2,2,8,,6.8023949
1602,45,111,40,16,10,10,31,1,0,1,0,1,,16,12,7.3790083
508,50,125,44,17,9,2,31,1,0,1,1,3,1,16,13,6.2304816
1500,60,124,20,16,6,6,29,1,0,1,0,2,,12,10,7.3132205
1682,50,107,41,14,15,9,32,1,0,1,1,0,1,12,12,7.4277387
750,40,110,45,13,13,1,35,1,0,1,1,2,,12,16,6.6200733
843,40,102,32,14,8,7,29,1,0,1,0,1,1,16,16,6.7369671
409,40,93,26,12,17,18,38,0,0,1,0,0,1,,,6.0137153
1004,40,81,36,12,17,15,34,1,0,1,0,1,1,12,,6.9117475
650,40,99,36,12,13,10,30,1,0,1,0,1,2,12,10,6.4769726
808,40,93,26,12,17,9,37,1,1,1,0,4,1,,,6.694562
2137,45,102,35,13,8,2,30,1,0,1,0,0,1,12,12,7.6671581
761,48,95,44,12,14,21,38,1,0,1,1,1,1,12,5,6.6346335
769,40,98,37,16,8,3,35,0,0,1,1,0,1,11,8,6.6450911
345,40,84,28,12,7,8,31,1,1,1,1,2,2,,,5.8435445
495,40,88,30,12,6,10,31,1,0,1,1,2,1,,7,6.2045579
987,38,109,41,16,9,3,31,1,0,1,1,3,4,4,,6.89467
2500,60,82,41,12,21,1,38,1,0,1,0,3,3,8,5,7.8240461
1098,45,105,22,14,6,1,32,0,0,1,1,1,2,12,,7.0012455
1212,40,95,36,12,6,16,38,1,0,1,0,3,1,12,8,7.1000271
577,40,92,33,15,8,1,28,1,1,1,1,1,2,10,7,6.3578424
390,59,74,26,15,10,3,30,1,1,1,1,3,3,7,6,5.9661469
1500,40,123,43,16,9,12,32,1,0,1,1,1,1,12,14,7.3132205
583,80,86,24,12,9,1,30,1,0,1,1,2,2,12,12,6.368187
460,40,92,22,11,16,1,36,1,0,1,1,5,6,,,6.1312265
945,40,87,41,12,12,13,38,1,0,1,1,2,2,8,,6.8511848
1442,60,117,39,16,9,3,31,1,0,1,1,1,2,12,10,7.2737865
1333,45,112,50,16,14,8,38,1,0,1,1,1,2,12,4,7.1951871
1500,37,119,41,15,8,5,33,0,0,0,1,1,1,12,18,7.3132205
1333,45,103,30,16,7,1,34,1,0,0,1,3,1,,,7.1951871
700,40,74,29,12,16,4,36,1,1,1,1,3,,9,,6.5510802
973,36,81,33,13,11,5,32,1,0,1,1,0,1,6,9,6.880384
2162,40,124,48,18,10,8,32,1,0,1,1,1,1,10,10,7.6787891
797,41,89,38,12,10,7,36,1,0,1,0,1,2,7,8,6.6808548
400,40,88,34,12,14,1,32,1,1,1,1,7,7,7,6,5.9914646
1015,40,67,31,12,15,11,32,1,1,0,1,3,2,9,5,6.9226437
1744,43,106,41,16,8,9,29,1,0,1,1,1,1,12,16,7.4639368
630,40,103,30,15,14,2,32,1,0,1,0,0,1,11,5,6.4457197
445,40,91,40,12,11,4,32,1,0,1,0,0,1,6,8,6.0980744
660,42,101,34,16,12,9,31,1,0,1,1,0,1,12,12,6.49224
779,40,85,30,12,14,7,37,1,1,1,1,7,4,12,,6.658011
377,40,83,32,12,9,1,36,0,0,1,1,1,1,12,12,5.9322453
560,44,70,34,12,16,11,35,1,1,1,1,2,1,8,,6.3279366
1122,60,102,54,17,7,13,32,1,0,1,1,2,2,12,11,7.0228682
453,50,94,34,12,9,2,30,1,0,1,0,6,4,7,7,6.1158919
1386,40,97,38,10,17,9,37,1,0,1,1,1,2,12,8,7.2341771
1539,40,115,38,17,7,9,31,1,0,1,1,2,1,12,16,7.3388882
1154,40,117,38,16,11,12,35,1,0,1,1,5,5,17,18,7.0509896
962,50,105,45,14,15,2,37,1,0,1,1,3,4,8,4,6.8690143
722,55,113,36,16,8,1,38,0,0,1,1,1,2,8,,6.5820251
480,40,83,37,12,9,3,37,1,0,1,1,4,3,10,11,6.1737862
808,50,101,44,18,8,9,38,1,0,1,0,3,2,17,12,6.694562
1442,40,113,36,13,14,8,36,1,0,1,1,2,1,12,12,7.2737865
1091,50,88,31,13,13,4,37,1,0,0,1,4,1,12,,6.9948502
350,40,93,41,12,16,0,33,0,1,1,1,1,1,12,,5.857933
500,40,83,39,12,18,11,36,1,1,1,1,0,1,7,,6.2146082
1026,45,113,27,16,9,13,30,1,0,1,1,2,2,16,14,6.933423
577,40,106,43,17,11,7,33,0,1,1,1,3,2,13,16,6.3578424
1333,60,106,38,15,5,1,30,1,0,1,1,2,2,12,12,7.1951871
915,55,114,36,12,17,9,37,1,0,0,1,1,,10,,6.818924
1105,40,119,32,16,9,10,30,0,0,1,1,5,1,11,10,7.0076008
910,40,82,26,14,5,5,30,1,1,1,1,10,,9,3,6.8134446
1000,40,89,40,12,17,8,38,1,0,1,1,7,7,1,4,6.9077554
1160,40,74,18,12,14,1,33,1,1,1,1,9,6,3,4,7.0561752
1001,34,77,22,12,12,3,29,1,1,1,1,9,8,3,4,6.9087548
713,40,75,25,12,5,12,36,1,1,1,1,7,4,,,6.5694814
929,40,97,28,13,12,5,30,1,0,1,1,2,1,12,12,6.8341088
400,50,68,35,12,4,9,31,1,1,1,1,6,1,6,2,5.9914646
1241,40,83,51,13,9,10,33,1,0,1,1,2,3,12,12,7.123673
1065,40,97,40,12,21,10,36,1,0,1,1,1,1,12,,6.9707303
403,45,98,37,12,5,3,30,1,0,1,1,2,,12,12,5.9989367
940,45,102,30,13,15,12,30,1,1,1,1,2,2,,,6.84588
812,40,81,20,10,17,13,34,1,1,1,1,2,2,8,3,6.6995006
700,20,85,27,10,13,0,35,1,1,1,1,3,,6,10,6.5510802
575,40,86,20,10,12,6,33,1,1,1,1,8,,,,6.3543701
450,40,79,23,10,20,5,36,1,1,1,1,7,6,12,12,6.1092477
621,43,84,24,12,14,10,31,1,0,1,0,4,3,8,6,6.4313312
441,38,74,24,12,12,11,30,1,0,1,0,4,4,8,6,6.089045
625,40,92,25,16,6,9,33,1,1,1,0,11,1,,,6.4377518
726,45,93,32,12,16,5,36,1,0,1,0,5,2,6,,6.5875502
500,40,69,18,9,21,13,38,1,1,1,1,8,6,6,,6.2146082
1000,44,113,41,17,8,2,34,1,0,1,1,4,1,17,18,6.9077554
393,48,92,37,12,15,16,38,1,0,1,1,1,1,8,7,5.9738097
600,40,127,44,12,8,3,28,0,0,1,0,2,2,9,12,6.3969297
962,50,109,44,12,21,12,37,1,0,1,0,0,1,6,,6.8690143
962,40,97,42,12,15,4,34,1,0,1,0,5,1,10,8,6.8690143
865,40,66,30,11,10,7,30,1,0,0,1,14,4,0,10,6.7627296
1154,50,109,46,16,10,3,35,1,0,1,1,2,1,16,14,7.0509896
1386,42,109,43,16,10,11,34,1,0,1,0,1,1,4,14,7.2341771
732,40,104,36,12,10,7,36,1,0,1,1,1,2,,,6.5957804
865,40,85,44,13,4,9,34,1,0,1,1,3,3,8,8,6.7627296
700,40,81,26,12,13,13,31,1,0,1,0,5,6,8,4,6.5510802
975,40,87,12,9,20,10,37,1,0,1,0,3,,5,4,6.8824377
1300,40,78,40,13,12,3,33,1,0,1,1,2,3,12,12,7.1701198
900,40,54,37,14,12,3,31,1,0,1,1,2,1,12,12,6.8023949
829,40,98,33,12,15,15,36,1,0,0,1,4,5,8,8,6.7202201
1000,40,98,34,12,17,13,36,1,0,1,1,3,,12,,6.9077554
827,40,105,29,16,7,8,30,1,0,0,1,2,1,16,12,6.7178049
500,44,87,25,13,5,2,31,1,0,1,1,7,,12,,6.2146082
1155,40,117,25,13,9,1,28,1,0,0,1,3,2,12,12,7.0518556
950,55,85,30,15,8,3,29,0,0,0,1,2,,12,12,6.856462
700,40,82,35,13,10,4,30,1,0,0,1,4,5,8,,6.5510802
1710,45,114,39,18,7,6,32,1,0,0,1,1,1,12,,7.4442487
533,30,65,21,12,5,1,32,0,1,0,1,5,1,11,12,6.2785215
2004,48,105,48,18,10,0,34,1,0,0,1,2,1,12,12,7.6029005
890,60,92,20,14,9,8,32,1,0,0,1,1,2,7,7,6.7912216
3078,30,107,23,13,11,4,29,1,0,0,1,2,2,12,12,8.0320349
1539,40,111,41,17,10,13,37,1,0,0,1,3,2,12,16,7.3388882
508,40,73,38,12,1,1,31,1,1,0,1,1,,,,6.2304816
1354,40,119,49,17,13,9,35,0,0,0,0,2,1,16,16,7.2108183
1143,35,97,40,12,21,8,38,1,0,0,1,5,1,12,12,7.0414119
962,40,110,34,12,16,8,33,1,0,0,1,2,1,10,10,6.8690143
1250,44,96,32,12,19,20,38,1,0,0,1,2,1,12,12,7.130899
990,40,67,23,12,16,3,34,1,1,0,1,2,1,8,8,6.8977051
905,40,102,31,12,17,4,37,1,0,0,0,5,5,12,12,6.8079348
926,55,64,22,12,18,0,38,1,0,0,1,4,5,0,2,6.8308744
1559,40,103,32,12,17,10,34,1,0,0,1,3,4,8,8,7.3518
1312,40,118,39,10,14,4,32,1,0,0,1,0,1,12,8,7.1793079
923,40,118,36,14,8,16,35,1,1,0,1,5,1,7,,6.8276291
879,40,118,41,18,1,9,31,1,0,0,1,1,2,13,13,6.7787848
800,25,75,37,13,14,1,38,1,0,1,1,0,1,12,10,6.6846118
1049,50,112,45,14,6,10,32,1,0,0,0,3,3,12,10,6.9555926
550,40,95,20,12,4,1,30,0,0,0,0,3,4,12,10,6.3099184
1190,40,119,38,17,4,2,34,1,0,0,1,0,1,12,14,7.0817084
583,48,94,35,14,10,6,37,1,0,0,0,2,1,12,12,6.368187
1200,40,103,27,14,5,2,30,1,0,0,1,1,1,6,7,7.0900769
797,55,90,36,16,11,5,33,1,0,0,1,5,2,14,17,6.6808548
1371,40,128,50,18,8,13,36,1,0,0,0,1,2,16,12,7.2232957
360,55,110,44,13,11,1,38,0,1,0,1,4,,12,8,5.8861041
1270,40,84,40,12,11,12,30,1,0,0,1,2,2,12,12,7.1467724
1832,40,97,38,12,16,1,36,1,0,0,1,1,2,8,12,7.5131636
909,40,102,34,12,14,5,33,1,0,0,1,3,3,12,7,6.812345
1746,40,131,41,18,9,10,33,1,0,0,1,7,3,12,12,7.4650826
520,40,126,23,16,8,1,30,1,0,0,1,7,5,12,12,6.253829
808,40,107,32,16,6,7,29,1,0,0,0,7,6,12,12,6.694562
2137,45,108,45,16,11,2,36,1,0,0,1,2,3,12,,7.6671581
692,50,92,49,15,9,3,38,1,1,0,1,0,1,8,8,6.5395861
931,80,108,40,16,4,1,36,1,0,0,1,4,2,12,12,6.8362594
812,45,115,46,16,11,3,34,1,0,0,1,1,2,12,8,6.6995006
866,40,111,44,14,16,14,35,1,0,0,1,1,1,12,12,6.763885
1442,40,115,47,12,14,9,36,1,0,0,1,7,5,12,12,7.2737865
500,40,101,31,14,12,0,32,1,0,0,0,2,2,11,6,6.2146082
1384,50,114,48,18,12,2,37,1,0,0,1,1,1,12,13,7.2327332
528,55,116,40,18,5,9,30,1,0,0,1,4,5,12,12,6.2690964
881,40,90,41,12,4,14,36,1,0,0,0,2,3,12,,6.7810578
1026,45,125,33,12,11,11,28,1,0,0,1,3,1,14,17,6.933423
1212,40,98,26,12,11,12,28,0,0,0,1,4,,12,10,7.1000271
1620,38,111,42,15,8,5,29,1,0,0,0,1,2,10,,7.3901815
1843,48,109,38,16,11,2,32,1,0,0,1,3,2,12,,7.5191498
1602,60,124,36,16,12,2,37,1,0,0,1,1,2,12,12,7.3790083
1000,40,121,35,13,6,1,33,1,0,0,1,2,2,8,14,6.9077554
737,48,103,37,12,7,4,30,1,0,0,1,4,4,10,,6.6025877
1699,40,96,19,12,10,1,29,0,0,1,1,2,3,12,12,7.4377952
1699,40,100,40,12,11,9,33,1,0,0,1,1,2,12,8,7.4377952
1025,48,104,30,14,6,5,32,1,0,0,1,2,3,,12,6.9324479
1107,40,112,38,12,12,5,38,1,0,0,1,5,3,11,12,7.009409
625,40,73,24,11,1,1,31,1,0,0,1,3,4,12,12,6.4377518
720,50,101,39,13,1,7,29,1,0,0,1,4,2,11,11,6.5792513
855,40,99,44,12,19,10,36,1,0,0,1,1,2,12,12,6.7511015
1250,40,95,23,12,12,2,32,1,0,0,1,2,2,12,12,7.130899
1130,40,109,40,18,4,13,38,1,0,0,0,1,2,18,15,7.029973
900,40,110,35,12,6,1,28,0,0,0,1,1,,13,13,6.8023949
1924,50,98,49,17,6,7,38,1,0,0,1,1,1,4,,7.5621614
962,40,112,46,15,8,2,37,1,0,0,1,2,1,12,16,6.8690143
1874,48,64,37,11,22,3,38,1,1,0,1,7,,,,7.5358305
1573,55,90,28,12,5,3,30,1,0,0,1,4,3,11,8,7.3607397
940,45,102,46,14,11,7,36,1,0,0,1,1,2,12,10,6.84588
900,40,119,39,16,8,9,30,1,0,0,0,1,2,12,12,6.8023949
882,44,96,34,12,15,13,31,1,0,0,0,6,3,8,10,6.7821922
1710,45,118,40,18,12,12,38,1,0,0,1,1,1,12,12,7.4442487
1260,45,79,39,12,19,15,37,1,0,0,0,3,2,9,8,7.1388669
751,40,96,42,12,9,7,38,1,0,0,0,1,1,10,8,6.6214056
1097,50,80,27,11,12,12,28,1,0,0,0,5,1,12,11,7.0003343
1001,48,137,36,13,11,11,33,1,0,0,0,5,6,12,,6.9087548
1154,40,116,42,15,11,12,34,0,0,0,0,2,1,12,9,7.0509896
1000,43,69,31,12,15,16,35,1,0,0,1,4,4,12,8,6.9077554
1250,40,78,36,12,16,3,33,1,0,0,1,9,,6,2,7.130899
857,65,99,41,12,18,3,38,1,0,1,1,2,1,8,8,6.753438
1211,27,92,33,12,13,3,31,1,0,0,1,3,2,16,12,7.0992017
937,32,113,23,16,12,7,29,1,0,0,1,3,,16,12,6.8426833
904,50,98,29,13,7,1,33,1,0,0,1,5,,12,,6.8068295
872,45,115,30,15,7,4,29,1,0,0,1,3,1,12,18,6.7707896
1200,40,96,26,9,18,0,34,1,0,0,1,4,3,,8,7.0900769
1261,40,117,41,17,1,9,35,1,0,0,1,4,1,6,8,7.1396604
950,40,96,38,12,14,2,35,1,0,0,1,1,1,8,2,6.856462
115,50,108,46,12,9,3,29,1,0,0,1,5,6,10,11,4.7449322
673,40,92,34,17,6,4,31,1,0,0,1,5,5,16,12,6.5117455
1084,45,95,38,15,17,10,37,1,0,0,1,1,2,16,16,6.9884133
1058,40,94,40,14,13,14,34,1,0,0,1,0,1,15,9,6.9641356
800,40,115,38,12,20,12,38,1,0,0,0,7,6,7,8,6.6846118
369,40,117,36,18,11,1,31,0,0,0,0,3,4,,,5.9107966
1924,40,105,42,16,14,13,36,1,0,0,0,0,1,12,,7.5621614
855,40,109,36,12,17,15,36,1,0,0,0,3,1,7,6,6.7511015
864,40,87,38,12,15,6,31,1,0,0,0,1,1,12,12,6.7615728
1092,44,110,34,16,15,13,36,1,0,0,1,4,4,13,13,6.9957662
1025,40,110,30,16,9,4,30,1,0,0,0,3,,10,12,6.9324479
850,35,109,32,12,11,2,31,1,0,0,0,2,2,17,,6.7452364
673,40,85,21,12,17,10,35,1,0,0,0,2,2,12,12,6.5117455
800,40,105,42,14,12,12,37,1,0,0,0,3,2,10,12,6.6846118
1049,44,122,39,16,7,3,33,1,0,0,0,3,3,10,12,6.9555926
884,40,108,40,17,9,11,35,1,0,0,1,3,2,14,9,6.7844572
800,40,122,38,16,10,2,31,0,0,1,1,3,3,12,8,6.6846118
1200,40,79,32,17,9,9,32,1,0,0,1,0,1,8,8,7.0900769
664,40,105,30,12,8,10,29,1,0,0,1,7,6,12,12,6.498282
1111,45,90,47,12,18,18,37,1,0,0,1,6,3,,,7.0130157
850,43,111,38,16,8,8,34,1,0,0,1,4,2,,,6.7452364
1000,40,110,42,12,6,12,37,1,0,0,1,5,2,8,12,6.9077554
875,40,92,32,12,8,4,29,0,0,0,1,4,,14,14,6.7742238
1202,40,131,32,16,10,2,33,1,0,0,0,3,2,12,12,7.091742
666,40,104,32,12,10,2,29,1,0,0,0,2,3,12,12,6.5012898
923,40,110,39,16,15,11,37,1,0,0,0,2,1,12,7,6.8276291
788,40,99,20,12,10,10,28,1,0,1,1,4,5,10,3,6.669498
950,40,86,31,10,23,5,38,1,0,1,1,9,9,,6,6.856462
1442,40,105,42,12,9,16,37,1,0,1,1,3,4,,,7.2737865
866,40,85,26,12,11,12,30,1,1,1,0,8,5,6,0,6.763885
625,40,72,34,9,17,5,34,1,0,1,0,10,7,4,,6.4377518
680,40,86,35,12,13,9,32,0,0,1,0,6,1,6,7,6.5220928
693,40,68,38,12,11,19,35,1,0,1,0,5,2,12,8,6.5410299
875,36,95,22,12,16,2,38,0,1,1,0,8,9,6,,6.7742238
2308,40,116,42,17,8,2,38,1,0,0,0,6,1,12,13,7.7441368
1196,45,96,45,14,10,4,32,1,0,1,0,2,3,10,6,7.0867381
700,38,85,36,12,13,8,32,1,1,1,1,6,,2,8,6.5510802
721,40,100,32,12,8,8,29,1,0,1,1,3,2,12,4,6.5806394
1500,40,101,38,13,13,2,32,1,0,1,1,5,3,12,8,7.3132205
1050,50,97,31,15,4,9,31,1,1,1,1,2,1,16,9,6.9565454
801,48,100,30,14,6,10,29,1,1,1,1,2,1,,,6.6858611
640,23,96,39,12,7,3,31,0,1,1,1,5,,,,6.4614682
1198,32,117,39,16,7,9,30,1,0,1,1,1,2,12,12,7.0884089
390,55,93,38,12,4,2,32,1,0,1,1,1,,16,13,5.9661469
889,36,116,37,12,12,11,28,1,0,1,1,1,2,9,12,6.7900972
1076,38,106,42,12,19,20,36,1,0,1,1,1,1,12,9,6.9810057
1127,40,98,45,12,17,12,36,1,0,1,1,1,2,14,12,7.0273147
750,50,103,36,15,1,1,37,1,0,1,0,1,1,12,9,6.6200733
855,40,118,41,14,6,14,33,1,0,1,0,3,1,,12,6.7511015
525,40,100,22,13,5,1,31,1,0,1,0,1,1,10,12,6.2633982
1104,54,96,39,12,11,4,29,1,0,1,0,1,2,10,12,7.0066953
553,40,67,22,12,11,10,30,1,1,1,0,7,2,8,9,6.3153582
800,43,96,27,12,10,1,29,1,0,1,0,1,1,10,10,6.6846118
1384,50,104,42,13,8,7,31,1,0,1,0,3,1,13,14,7.2327332
425,30,106,34,17,8,0,36,0,0,1,0,0,1,14,12,6.0520892
510,54,62,34,11,13,4,33,0,1,1,1,7,6,2,10,6.2344108
370,32,73,31,12,13,2,31,1,1,1,0,9,2,3,4,5.9135032
596,40,62,26,12,16,14,33,1,1,1,0,9,8,2,8,6.3902407
402,40,76,28,12,9,4,28,1,1,0,1,4,2,,10,5.9964519
418,40,76,26,12,12,2,31,1,1,1,0,0,1,9,10,6.0354815
1133,40,106,44,16,13,10,36,1,0,1,0,1,1,12,,7.0326242
681,40,94,24,12,18,15,35,0,0,1,1,4,,9,10,6.5235624
950,40,81,29,11,16,5,35,1,0,1,0,3,4,10,6,6.856462
600,40,87,15,10,20,7,36,1,0,1,0,0,1,5,6,6.3969297
661,40,96,25,13,8,6,29,0,0,1,0,3,2,,5,6.4937539
925,40,75,27,12,12,9,30,1,0,1,0,2,2,6,,6.8297939
550,40,95,34,12,14,13,31,1,0,1,0,0,1,5,5,6.3099184
606,40,86,19,11,13,11,30,1,0,1,0,4,4,3,7,6.4068799
425,40,86,17,10,7,1,30,1,0,1,0,4,4,3,7,6.0520892
340,50,104,41,14,4,1,31,1,0,1,1,5,3,8,18,5.8289456
692,50,95,21,12,16,9,34,1,0,1,1,2,2,7,5,6.5395861
575,40,116,37,12,11,9,29,1,0,1,0,1,2,8,12,6.3543701
571,40,66,20,9,15,10,33,1,0,1,0,5,1,8,6,6.3473892
817,40,101,38,16,11,9,32,1,0,1,1,1,2,0,5,6.7056389
987,40,96,23,12,11,5,29,1,0,1,0,1,2,12,12,6.89467
616,55,104,41,12,16,18,35,1,0,1,1,4,5,9,,6.4232469
1026,60,105,34,16,12,1,35,1,0,0,1,3,1,14,10,6.933423
808,40,106,34,12,4,3,29,1,0,0,1,1,2,8,7,6.694562
808,50,101,34,17,8,0,30,1,0,1,1,1,2,15,15,6.694562
788,40,96,42,12,13,5,36,1,0,1,1,4,1,12,12,6.669498
850,40,105,34,12,6,2,33,1,0,0,1,1,1,12,9,6.7452364
900,38,106,40,12,10,19,38,1,0,1,1,7,,3,2,6.8023949
1418,45,102,44,12,19,20,36,1,0,1,1,2,3,8,8,7.2570028
260,40,75,35,12,21,0,37,1,1,1,0,3,3,,,5.5606818
662,45,99,27,14,7,2,28,1,1,1,0,6,1,5,5,6.4952655
562,55,90,46,13,4,1,38,1,0,1,0,1,1,12,11,6.331502
562,80,104,30,12,11,5,28,1,0,1,0,1,,12,12,6.331502
357,70,115,37,13,5,2,30,1,0,1,1,6,7,,,5.8777356
1009,40,118,37,16,11,12,32,1,0,1,0,0,1,12,10,6.9167151
1442,40,108,40,12,17,17,36,1,0,1,1,1,1,9,12,7.2737865
651,40,76,30,11,11,2,29,1,1,0,1,7,7,10,11,6.4785094
750,40,50,28,12,14,5,32,1,1,1,0,10,,3,,6.6200733
754,40,55,23,12,13,14,33,1,1,1,0,2,1,10,,6.6253924
700,40,73,23,12,17,9,38,1,1,1,0,8,3,,,6.5510802
503,40,84,14,11,11,2,30,0,1,0,1,3,,9,9,6.2205901
937,40,104,37,12,14,15,32,1,0,1,0,1,2,12,9,6.8426833
624,40,92,40,10,18,10,36,1,0,1,0,2,3,10,6,6.4361506
750,40,83,27,12,4,10,32,1,1,1,0,7,1,10,6,6.6200733
900,40,98,36,14,1,8,30,1,1,1,0,7,2,10,6,6.8023949
540,40,70,25,10,12,10,29,1,1,1,0,9,,10,7,6.2915692
642,35,87,26,13,9,3,30,1,0,1,0,10,10,4,10,6.4645882
400,50,96,38,15,6,10,28,0,0,1,0,5,,12,,5.9914646
900,40,80,34,10,15,14,38,1,0,1,0,3,3,12,10,6.8023949
513,40,104,40,16,8,10,33,1,0,1,0,5,2,12,10,6.2402759
894,40,104,35,18,7,10,35,1,0,1,0,7,8,9,8,6.7957058
1282,60,96,24,18,7,5,32,1,0,1,1,4,2,12,18,7.1561766
485,40,89,24,12,10,9,30,0,0,1,0,4,3,12,18,6.1841488
325,55,113,39,12,11,5,29,1,0,1,0,1,2,10,13,5.7838254
769,45,105,29,12,16,5,33,1,0,1,0,4,1,7,7,6.6450911
618,40,84,39,14,6,8,31,0,0,1,1,7,8,7,4,6.4264884
1040,48,108,36,12,16,17,35,1,0,1,1,6,7,7,3,6.9469762
751,40,104,32,12,15,4,34,1,0,1,1,4,3,8,3,6.6214056
380,50,106,28,12,15,11,30,1,0,1,0,2,1,7,7,5.9401712
300,24,83,45,12,16,3,37,1,1,1,1,4,1,3,,5.7037826
753,46,70,34,10,21,7,38,1,0,1,1,4,2,12,7,6.6240654
1065,65,104,39,16,10,11,34,1,0,1,1,2,3,11,12,6.9707303
1070,40,91,42,12,13,1,30,1,0,0,1,1,2,14,12,6.9754138
1573,55,112,42,18,7,8,34,1,0,1,1,1,1,14,18,7.3607397
650,40,97,27,10,14,9,30,1,0,1,0,5,1,12,9,6.4769726
700,45,99,40,12,15,7,32,1,0,1,0,4,2,10,10,6.5510802
494,40,74,30,12,16,4,34,1,1,1,0,5,,,,6.2025356
890,48,100,40,12,4,8,31,1,0,1,0,0,1,,,6.7912216
520,40,86,28,10,15,12,31,1,0,1,0,0,1,6,,6.253829
891,40,90,36,12,16,16,32,1,0,1,0,5,5,12,9,6.7923446
570,50,101,43,12,11,12,30,1,0,0,1,2,3,12,,6.3456364
1444,40,109,33,15,11,1,29,1,0,1,1,2,1,11,9,7.2751722
481,48,98,26,12,14,2,31,0,1,0,1,4,3,,,6.1758671
500,44,107,40,12,21,12,38,1,0,1,0,2,,12,7,6.2146082
1473,40,110,48,16,15,15,36,1,0,1,0,1,2,12,14,7.2950563
803,40,120,35,13,4,1,28,1,0,1,1,3,4,10,12,6.6883545
962,50,97,34,16,7,2,30,1,0,1,1,0,1,12,12,6.8690143
1000,44,103,37,12,9,5,29,1,0,1,1,0,1,11,,6.9077554
600,40,114,36,16,5,4,30,1,0,1,1,2,1,12,12,6.3969297
450,40,95,31,11,12,2,30,1,0,1,0,2,3,8,8,6.1092477
629,60,93,32,12,6,1,30,1,1,1,0,8,3,10,6,6.4441314
492,60,67,38,12,15,2,34,1,1,1,0,3,,8,,6.1984787
1562,40,97,28,17,7,2,32,1,0,1,1,5,1,12,13,7.3537221
357,70,97,34,14,6,3,28,1,0,1,0,1,2,13,16,5.8777356
960,40,83,25,13,14,13,32,1,0,1,1,4,,10,,6.8669333
566,45,104,46,16,5,2,32,1,0,1,0,1,2,12,12,6.338594
481,40,82,27,12,9,2,32,1,0,1,0,2,2,12,8,6.1758671
1442,40,113,45,16,8,10,35,1,0,1,1,2,2,8,8,7.2737865
645,45,93,39,12,11,3,35,1,0,1,0,7,7,7,8,6.4692502
788,40,100,23,11,15,6,32,1,1,1,0,5,,9,,6.669498
644,42,101,38,12,11,5,33,1,0,1,0,4,3,12,,6.4676986
477,45,100,33,12,9,3,31,1,0,1,0,3,3,7,7,6.1675167
664,60,82,30,16,10,9,34,1,1,1,1,3,4,16,16,6.498282
520,40,79,28,16,6,1,30,1,1,1,0,0,1,11,,6.253829
1202,40,102,32,13,10,3,31,1,0,1,1,7,7,8,6,7.091742
538,45,77,22,12,12,10,28,1,1,1,0,9,,7,,6.2878585
873,44,109,25,12,12,12,28,1,0,1,0,1,1,,11,6.7719355
1000,40,107,32,12,17,18,35,1,0,1,0,5,1,,,6.9077554
